"Rank","Institution","Total enrollment, fall 2017","Revenue from tuition and fees","Spending on instruction","Revenue from tuition and fees, minus spending on instruction","Tuition-and-fees revenue as percentage of all revenue"
"1.","Liberty U.","75,044","$699,225,834","$174,403,737","$524,822,097","72.7%"
"2.","Southern New Hampshire U.","90,955","$598,405,179","$111,326,022","$487,079,157","92.6%"
"3.","Northeastern U. (includes the Professional Advancement Network)*","32,593","$820,926,000","$416,944,000","$403,982,000","65.6%"
"4.","Pennsylvania State U. (all 24 campuses)*","93,318","$1,695,650,000","$1,331,215,000","$364,435,000","27.2%"
"5.","Temple U.","39,967","$796,215,000","$488,569,000","$307,646,000","23.7%"
"6.","Western Governors U.","98,627","$493,313,490","$195,330,664","$297,982,826","97.0%"
"7.","Drexel U.","24,190","$599,917,000","$349,770,295","$250,146,705","57.6%"
"8.","New York U.","51,123","$1,753,736,000","$1,517,059,000","$236,677,000","27.1%"
"9.","Keiser U. at Ft. Lauderdale","18,335","$355,818,042","$129,509,669","$226,308,373","98.0%"
"10.","DePaul U.","22,769","$476,626,000","$258,982,000","$217,644,000","77.7%"
"11.","American U.","13,858","$394,092,000","$182,002,000","$212,090,000","58.5%"
"12.","Nova Southeastern U.","20,793","$509,266,159","$299,201,181","$210,064,978","81.3%"
"13.","Fordham U.","16,037","$424,687,000","$218,650,000","$206,037,000","60.9%"
"14.","George Washington U.","27,973","$729,837,000","$526,045,000","$203,792,000","49.9%"
"15.","Savannah College of Art and Design","13,163","$310,000,259","$107,756,426","$202,243,833","78.9%"
"16.","Loyola U. Chicago","16,673","$381,538,193","$187,235,288","$194,302,905","59.3%"
"17.","Syracuse U.","22,484","$557,597,104","$388,406,233","$169,190,871","49.2%"
"18.","St. John's U. (N.Y.)","21,340","$349,903,631","$186,513,000","$163,390,631","62.2%"
"19.","Pepperdine U.","7,710","$241,191,000","$92,999,000","$148,192,000","54.7%"
"20.","MCPHS U.","7,208","$224,008,919","$82,800,738","$141,208,181","65.3%"
"21.","Baylor U.","17,059","$404,649,000","$266,173,000","$138,476,000","53.7%"
"22.","Pace U.","12,986","$273,232,768","$135,790,479","$137,442,289","69.8%"
"23.","New School","10,389","$282,560,000","$145,382,000","$137,178,000","65.2%"
"24.","National U.","17,097","$216,975,749","$81,091,576","$135,884,173","71.1%"
"25.","Villanova U.","10,967","$291,131,670","$158,961,644","$132,170,026","52.9%"
"26.","U. of Denver","11,434","$294,866,561","$165,797,017","$129,069,544","58.3%"
"27.","Boston College","14,628","$436,858,103","$308,687,294","$128,170,809","40.5%"
"28.","Johnson & Wales U. (R.I.) (includes 4 campuses and online)*","14,272","$227,473,035","$99,847,888","$127,625,147","61.7%"
"29.","Marquette U.","11,426","$243,797,000","$119,136,000","$124,661,000","51.8%"
"30.","Southern Methodist U.","11,789","$309,535,000","$186,248,000","$123,287,000","53.3%"
"31.","Chapman U.","9,392","$254,628,967","$132,241,381","$122,387,586","68.0%"
"32.","Tufts U.","11,449","$384,754,275","$262,678,691","$122,075,584","34.4%"
"33.","Loyola Marymount U.","9,618","$265,983,000","$144,941,000","$121,042,000","65.9%"
"34.","Quinnipiac U.","10,200","$298,688,537","$180,681,673","$118,006,864","69.7%"
"35.","U. of San Francisco","11,063","$298,151,000","$181,516,000","$116,635,000","71.4%"
"36.","U. of San Diego","8,905","$241,414,000","$127,852,000","$113,562,000","58.3%"
"37.","Belmont U.","8,012","$188,270,021","$76,745,627","$111,524,394","69.0%"
"38.","New York Institute of Technology","7,403","$231,608,234","$123,068,473","$108,539,761","86.7%"
"39.","Seton Hall U.","9,801","$203,164,000","$95,179,000","$107,985,000","66.8%"
"40.","Independence U.","8,605","$127,391,265","$20,153,243","$107,238,022","100.0%"
"41.","Hofstra U.","11,131","$291,047,034","$184,021,450","$107,025,584","62.6%"
"42.","Santa Clara U.","8,629","$241,648,000","$136,357,000","$105,291,000","50.5%"
"43.","Sacred Heart U.","8,543","$175,794,471","$70,780,925","$105,013,546","69.8%"
"44.","Suffolk U.","7,201","$178,081,319","$74,192,771","$103,888,548","76.0%"
"45.","Georgetown U.","19,005","$591,384,000","$489,022,000","$102,362,000","39.2%"
"46.","Touro College (N.Y.)","11,908","$222,354,000","$120,418,000","$101,936,000","91.9%"
"47.","Midwestern U. (Ariz.)","3,796","$202,133,162","$100,481,651","$101,651,511","87.4%"
"48.","Fairleigh Dickinson U.*","11,358","$180,391,217","$79,268,132","$101,123,085","76.7%"
"49.","U. of Tampa","8,895","$155,984,324","$57,156,508","$98,827,816","72.5%"
"50.","Duquesne U.","9,190","$207,410,000","$110,989,000","$96,421,000","65.5%"
"51.","Midwestern U. (Ill.)","2,971","$163,218,768","$67,227,779","$95,990,989","78.0%"
"52.","Texas Christian U.","10,489","$266,292,000","$170,763,000","$95,529,000","44.7%"
"53.","Creighton U.","8,654","$219,498,000","$125,683,000","$93,815,000","45.4%"
"54.","Azusa Pacific U.","9,926","$184,057,855","$91,036,863","$93,020,992","73.2%"
"55.","California Baptist U.","9,941","$172,433,856","$80,927,352","$91,506,504","84.7%"
"56.","U. of New England","8,281","$164,998,105","$73,805,685","$91,192,420","74.4%"
"57.","Long Island U. at Brooklyn","6,982","$177,149,901","$86,763,225","$90,386,676","80.8%"
"58.","Stevens Institute of Technology","6,916","$168,122,000","$79,051,000","$89,071,000","62.1%"
"59.","Carnegie Mellon U.","13,869","$507,329,674","$418,977,899","$88,351,775","30.0%"
"60.","Saint Leo U.","13,099","$141,431,986","$54,523,817","$86,908,169","82.0%"
"61.","Saint Joseph's U. (Pa.)","8,085","$164,542,501","$79,112,684","$85,429,817","57.9%"
"62.","Lindenwood U.","10,025","$133,458,648","$48,827,543","$84,631,105","79.7%"
"63.","U. of the Pacific","6,255","$230,347,421","$146,720,435","$83,626,986","61.4%"
"64.","Webster U.","12,736","$155,544,019","$74,363,951","$81,180,068","81.1%"
"65.","Emerson College","4,459","$136,287,077","$56,836,548","$79,450,529","65.5%"
"66.","Monmouth U.","6,340","$139,404,636","$60,867,079","$78,537,557","72.0%"
"67.","U. of La Verne","8,159","$141,500,459","$64,543,946","$76,956,513","81.3%"
"68.","Lake Erie College of Osteopathic Medicine","4,163","$123,233,580","$46,423,861","$76,809,719","77.5%"
"69.","Elon U.","6,791","$185,128,955","$108,953,109","$76,175,846","63.9%"
"70.","Gonzaga U.","7,506","$154,985,000","$79,383,000","$75,602,000","57.0%"
"71.","Pratt Institute","5,035","$156,525,731","$81,387,510","$75,138,221","79.7%"
"72.","Adelphi U.","7,978","$170,077,209","$95,546,088","$74,531,121","75.7%"
"73.","Mercy College","9,506","$125,130,794","$51,422,946","$73,707,848","72.2%"
"74.","Excelsior College","34,022","$93,942,418","$20,798,774","$73,143,644","91.9%"
"75.","Rensselaer Polytechnic Institute","7,592","$211,859,000","$138,754,000","$73,105,000","45.1%"
"76.","Embry-Riddle Aeronautical U. at Daytona Beach (Fla.)","6,338","$163,157,000","$90,811,415","$72,345,585","70.8%"
"77.","Indiana Wesleyan U.-National and Global","10,778","$101,343,697","$29,285,860","$72,057,837","96.8%"
"78.","Bentley U.","5,543","$146,311,000","$74,670,000","$71,641,000","58.9%"
"79.","High Point U.","4,951","$121,804,599","$50,849,020","$70,955,579","52.9%"
"80.","Wilmington U. (Del.)","14,170","$113,635,624","$42,690,337","$70,945,287","88.8%"
"81.","Seattle U.","7,278","$175,740,078","$105,036,343","$70,703,735","69.8%"
"82.","Illinois Institute of Technology","7,164","$151,014,000","$81,017,000","$69,997,000","52.0%"
"83.","U. of Dayton","10,882","$197,480,000","$128,100,000","$69,380,000","32.3%"
"84.","U. of the Incarnate Word","8,603","$135,231,230","$68,399,261","$66,831,969","75.1%"
"85.","Loyola U. Maryland","5,783","$134,055,057","$67,481,983","$66,573,074","55.5%"
"86.","Columbia College Chicago","7,312","$155,474,839","$91,973,880","$63,500,959","61.0%"
"87.","Davenport U.","7,160","$93,494,208","$30,262,046","$63,232,162","83.3%"
"88.","Marist College","6,657","$137,134,230","$73,913,255","$63,220,975","58.0%"
"89.","Middlebury College*","3,345","$151,207,000","$88,002,000","$63,205,000","45.1%"
"90.","Boston U.","33,355","$1,046,018,000","$983,541,901","$62,476,099","45.8%"
"91.","Brandman U.","7,812","$90,745,754","$28,415,929","$62,329,825","98.6%"
"92.","Babson College","3,329","$116,816,135","$54,948,467","$61,867,668","46.3%"
"93.","U. of New Haven","6,984","$127,786,226","$66,336,911","$61,449,315","59.0%"
"94.","Berklee College of Music","6,762","$182,210,269","$120,952,691","$61,257,578","60.1%"
"95.","Fairfield U.","5,192","$127,912,000","$66,765,000","$61,147,000","45.8%"
"96.","Philadelphia College of Osteopathic Medicine","2,860","$112,910,409","$52,510,285","$60,400,124","79.0%"
"97.","Providence College","4,646","$122,358,233","$62,116,987","$60,241,246","55.0%"
"98.","Ithaca College","6,516","$150,266,094","$90,265,888","$60,000,206","54.3%"
"99.","Chicago School of Professional Psychology (6 campuses)*","4,490","$93,691,282","$34,567,498","$59,123,784","93.5%"
"100.","Western U. of Health Sciences","3,847","$175,348,209","$117,872,934","$57,475,275","83.0%"
"101.","Concordia U. (Ore.)","5,125","$73,503,645","$16,196,071","$57,307,574","78.2%"
"102.","Florida Institute of Technology","6,402","$122,022,256","$65,380,394","$56,641,862","67.8%"
"103.","Long Island U.-C.W. Post","8,499","$119,740,499","$63,658,160","$56,082,339","74.9%"
"104.","A.T. Still U. of Health Sciences","3,723","$125,969,075","$70,071,871","$55,897,204","78.7%"
"105.","School of the Art Institute of Chicago","3,648","$115,310,154","$59,448,323","$55,861,831","75.5%"
"106.","St. Edward's U.","4,447","$96,392,785","$41,089,585","$55,303,200","72.4%"
"107.","Bryant U.","3,751","$93,139,000","$38,390,000","$54,749,000","53.3%"
"108.","Biola U.","6,172","$112,848,000","$58,611,000","$54,237,000","58.0%"
"109.","Regent U.","9,488","$81,408,000","$28,114,600","$53,293,400","72.4%"
"110.","Regis U.","8,341","$104,153,026","$51,113,617","$53,039,409","75.9%"
"111.","Bellevue U.","8,655","$68,337,800","$15,848,919","$52,488,881","82.5%"
"112.","Hult International Business School at Boston","2,798","$62,124,042","$9,759,691","$52,364,351","82.9%"
"113.","Rhode Island School of Design","2,440","$100,065,725","$48,518,038","$51,547,687","55.6%"
"114.","U. of St. Thomas (Minn.)","9,878","$179,032,139","$127,980,777","$51,051,362","53.6%"
"115.","Robert Morris U (Pa.)","5,076","$92,017,946","$41,146,370","$50,871,576","68.8%"
"116.","Colorado Christian U.","7,398","$66,044,974","$15,214,525","$50,830,449","77.4%"
"117.","Embry-Riddle Aeronautical U.-Extended Campus","14,519","$95,803,000","$46,068,000","$49,735,000","95.2%"
"118.","Baker College of Flint","12,018","$124,521,988","$74,859,985","$49,662,003","77.5%"
"119.","Manhattan College","4,242","$90,874,333","$42,642,297","$48,232,036","58.8%"
"120.","Everest U.-South Orlando Campus (Fla.)","755","$52,245,889","$5,150,750","$47,095,139","97.1%"
"121.","Pacific U.","3,893","$95,120,407","$48,156,129","$46,964,278","73.5%"
"122.","Point Loma Nazarene U.","4,417","$81,118,361","$34,522,612","$46,595,749","70.3%"
"123.","U. of Portland","4,396","$97,297,000","$51,655,000","$45,642,000","50.7%"
"124.","Benedictine U.","5,100","$82,535,802","$37,201,740","$45,334,062","84.3%"
"125.","Worcester Polytechnic Institute","6,642","$163,355,000","$118,906,000","$44,449,000","55.3%"
"126.","U. of Scranton","5,373","$111,445,459","$67,007,804","$44,437,655","58.6%"
"127.","Roseman U. of Health Sciences","1,580","$82,075,989","$37,755,879","$44,320,110","90.0%"
"128.","U. of Detroit Mercy","5,113","$113,409,760","$69,543,456","$43,866,304","70.1%"
"129.","Mercer U.","8,653","$145,682,732","$101,853,633","$43,829,099","46.6%"
"130.","Culinary Institute of America","3,131","$98,518,839","$55,564,069","$42,954,770","61.2%"
"131.","U. of Bridgeport","5,434","$81,020,000","$38,320,000","$42,700,000","75.3%"
"132.","Merrimack College","4,191","$77,987,692","$35,638,872","$42,348,820","61.4%"
"133.","Molloy College","4,980","$106,395,946","$64,579,567","$41,816,379","88.5%"
"134.","Butler U.","5,145","$111,323,000","$69,511,000","$41,812,000","52.4%"
"135.","Xavier U. (Ohio)","6,786","$107,054,000","$65,677,000","$41,377,000","51.4%"
"136.","Life U.","2,619","$56,186,252","$15,231,045","$40,955,207","87.6%"
"137.","Bucknell U.","3,678","$126,598,000","$85,707,000","$40,891,000","36.2%"
"138.","Lehigh U.","7,017","$191,329,000","$150,480,000","$40,849,000","33.7%"
"139.","Teachers College, Columbia U.","4,701","$115,554,277","$74,746,976","$40,807,301","49.3%"
"140.","Champlain College","4,749","$71,204,454","$30,512,921","$40,691,533","68.6%"
"141.","Iona College","3,792","$73,825,000","$33,201,000","$40,624,000","52.2%"
"142.","Palmer College of Chiropractic","2,237","$68,582,321","$28,124,218","$40,458,103","78.0%"
"143.","Lynn U. (Fla.)","3,010","$67,299,418","$27,058,899","$40,240,519","73.1%"
"144.","Aurora U.","5,833","$67,376,396","$27,531,096","$39,845,300","76.3%"
"145.","Widener U.","6,518","$110,834,702","$71,124,401","$39,710,301","69.0%"
"146.","La Sierra U.","2,449","$60,280,787","$20,733,167","$39,547,620","67.0%"
"147.","Edward Via College of Osteopathic Medicine","1,969","$75,319,839","$35,831,099","$39,488,740","90.0%"
"148.","U. of Redlands","4,898","$93,198,757","$53,856,907","$39,341,850","64.8%"
"149.","Wentworth Institute of Technology","4,457","$85,570,537","$46,313,375","$39,257,162","60.8%"
"150.","Maryville U. of Saint Louis","7,689","$75,322,690","$36,088,063","$39,234,627","75.7%"
"151.","Bates College","1,787","$79,232,273","$40,154,643","$39,077,630","36.9%"
"152.","Lincoln Memorial U.","4,770","$95,437,121","$56,837,826","$38,599,295","82.2%"
"153.","Franklin U.","4,753","$52,258,000","$13,713,000","$38,545,000","83.1%"
"154.","Rider U.","5,073","$100,390,000","$61,894,000","$38,496,000","65.2%"
"155.","Park U.","11,457","$68,965,387","$30,493,030","$38,472,357","82.3%"
"156.","Lewis U.","6,506","$95,116,809","$57,274,257","$37,842,552","68.2%"
"157.","Thomas Jefferson U.","3,746","$76,120,231","$38,292,392","$37,827,839","75.1%"
"158.","Clark Atlanta U.","3,992","$65,132,788","$27,324,263","$37,808,525","59.1%"
"159.","Drake U.","4,904","$86,748,783","$49,136,397","$37,612,386","51.5%"
"160.","Skidmore College","2,684","$94,823,000","$57,984,000","$36,839,000","45.1%"
"161.","California Lutheran U.","4,236","$77,703,447","$41,087,358","$36,616,089","60.9%"
"162.","Wilkes U.","5,545","$77,235,512","$40,641,339","$36,594,173","72.1%"
"163.","Endicott College","4,795","$68,276,953","$32,000,697","$36,276,256","54.4%"
"164.","Lipscomb U.","4,642","$85,601,316","$50,320,735","$35,280,581","53.0%"
"165.","Hawaii Pacific U.","4,146","$58,590,239","$23,365,013","$35,225,226","64.5%"
"166.","Saint Mary's College of California","3,913","$90,591,475","$55,538,611","$35,052,864","57.8%"
"167.","Des Moines U.","1,575","$54,135,426","$19,123,386","$35,012,040","70.9%"
"168.","Mount Saint Mary's U. (Calif.)","3,226","$68,194,609","$33,205,442","$34,989,167","62.7%"
"169.","Robert Morris U. Illinois","2,307","$48,574,983","$13,806,853","$34,768,130","82.4%"
"170.","Concordia U. Wisconsin","7,288","$83,311,942","$48,766,667","$34,545,275","76.5%"
"171.","Roosevelt U.","4,457","$81,634,119","$47,095,993","$34,538,126","60.3%"
"172.","Rosalind Franklin U. of Medicine and Science","2,145","$77,418,589","$42,918,319","$34,500,270","64.7%"
"173.","Saint Xavier U.","3,715","$58,992,223","$24,651,358","$34,340,865","84.2%"
"174.","Gettysburg College","2,411","$78,781,103","$44,910,211","$33,870,892","45.8%"
"175.","Western New England U.","3,776","$75,258,287","$41,460,881","$33,797,406","63.3%"
"176.","Art Center College of Design","2,251","$86,122,000","$52,331,000","$33,791,000","65.9%"
"177.","Southeastern U. (Fla.)","7,163","$54,430,524","$20,678,377","$33,752,147","71.1%"
"178.","St. John Fisher College","3,776","$76,269,126","$42,814,315","$33,454,811","69.0%"
"179.","La Salle U.","5,197","$76,081,327","$42,727,559","$33,353,768","62.5%"
"180.","Arcadia U.","3,811","$68,832,000","$35,541,000","$33,291,000","50.9%"
"181.","Carroll U.","3,452","$56,419,109","$23,279,726","$33,139,383","66.2%"
"182.","National-Louis U.","4,918","$55,106,185","$21,971,134","$33,135,051","76.4%"
"183.","Marymount U.","3,375","$65,911,602","$32,864,082","$33,047,520","71.9%"
"184.","Shenandoah U.","3,844","$76,062,440","$43,131,311","$32,931,129","72.7%"
"185.","Touro U. California","1,478","$57,213,526","$24,328,900","$32,884,626","92.8%"
"186.","Kansas City U. of Medicine and Biosciences","1,190","$48,270,599","$15,555,538","$32,715,061","68.0%"
"187.","Seattle Pacific U.","3,783","$78,216,000","$45,548,000","$32,668,000","62.8%"
"188.","Stetson U.","4,252","$86,777,804","$54,689,533","$32,088,271","53.6%"
"189.","Harrisburg U. of Science and Technology","3,997","$45,009,722","$13,223,742","$31,785,980","91.1%"
"190.","American Musical and Dramatic Academy","1,515","$52,321,038","$20,673,416","$31,647,622","72.5%"
"191.","U. of Mary Hardin-Baylor","3,914","$62,980,921","$31,367,992","$31,612,929","61.7%"
"192.","Embry-Riddle Aeronautical U. at Prescott (Ariz.)","2,663","$62,251,000","$30,969,000","$31,282,000","81.6%"
"193.","Barry U.","7,358","$109,870,746","$78,589,827","$31,280,919","78.9%"
"194.","Marian U. (Ind.)","3,429","$66,760,481","$35,606,205","$31,154,276","69.6%"
"195.","U. of the Sciences in Philadelphia","2,359","$72,428,244","$41,343,204","$31,085,040","68.5%"
"196.","U. of Indianapolis","5,972","$79,559,936","$48,577,588","$30,982,348","62.9%"
"197.","St. Joseph's College-Long Island","3,966","$58,521,000","$27,587,000","$30,934,000","84.4%"
"198.","Hampton U.","4,618","$77,331,091","$46,610,001","$30,721,090","34.8%"
"199.","Neumann U.","2,715","$46,223,554","$15,587,723","$30,635,831","85.8%"
"200.","Lesley U.","4,732","$72,174,833","$41,559,481","$30,615,352","61.9%"
"201.","Concordia U. (Calif.)","4,249","$59,957,626","$29,348,789","$30,608,837","72.7%"
"202.","Hamline U.","3,734","$57,814,155","$27,242,794","$30,571,361","65.1%"
"203.","Wake Forest U.","8,116","$255,069,000","$224,568,000","$30,501,000","15.8%"
"204.","Dallas Baptist U.","5,067","$69,270,511","$38,899,364","$30,371,147","68.0%"
"205.","George Fox U.","4,076","$69,750,684","$39,446,756","$30,303,928","71.9%"
"206.","Lewis & Clark College","3,339","$82,216,582","$51,958,516","$30,258,066","58.1%"
"207.","Rush U.","2,569","$69,760,494","$39,556,144","$30,204,350","3.6%"
"208.","Utica College","5,258","$60,804,824","$30,825,840","$29,978,984","73.0%"
"209.","Simmons U.","6,283","$136,721,393","$106,879,664","$29,841,729","71.0%"
"210.","Loma Linda U.","4,417","$149,456,000","$119,631,000","$29,825,000","44.7%"
"211.","Maryland Institute College of Art","2,128","$61,891,940","$32,150,223","$29,741,717","66.8%"
"212.","Rochester Institute of Technology","16,584","$297,779,000","$268,201,000","$29,578,000","46.0%"
"213.","Saint Peter's U.","3,524","$54,320,506","$25,064,803","$29,255,703","60.3%"
"214.","U. of the Cumberlands","10,097","$50,109,695","$20,866,379","$29,243,316","67.0%"
"215.","Saint Michael's College","2,077","$51,915,393","$22,789,636","$29,125,757","63.1%"
"216.","Columbia College (Mo.)","13,492","$83,062,101","$54,050,494","$29,011,607","76.5%"
"217.","U. of Puget Sound","2,701","$77,811,000","$49,048,000","$28,763,000","47.9%"
"218.","California College of the Arts","1,927","$63,740,000","$35,002,000","$28,738,000","79.4%"
"219.","Olivet Nazarene U.","4,986","$60,806,371","$32,133,047","$28,673,324","60.1%"
"220.","Herzing U. at Madison (Wis.)","2,156","$45,571,524","$16,946,432","$28,625,092","99.5%"
"221.","Bethel U. (Minn.)","3,797","$63,432,639","$35,013,293","$28,419,346","59.5%"
"222.","Belhaven U.","4,458","$40,988,877","$12,580,788","$28,408,089","82.2%"
"223.","Ashland U.","6,471","$64,186,444","$36,190,587","$27,995,857","62.4%"
"224.","Alvernia U.","2,838","$45,004,002","$17,053,578","$27,950,424","69.6%"
"225.","Brandeis U.","5,721","$154,075,650","$126,300,457","$27,775,193","34.5%"
"226.","Elmhurst College","3,481","$54,517,896","$26,751,408","$27,766,488","64.7%"
"227.","College of Saint Scholastica","4,276","$59,598,531","$31,857,722","$27,740,809","68.4%"
"228.","Touro U. Nevada","1,414","$45,142,000","$17,412,000","$27,730,000","86.5%"
"229.","Lawrence Technological U.","3,069","$55,174,029","$27,488,485","$27,685,544","76.9%"
"230.","Anderson U. (S.C.)","3,494","$45,820,358","$18,344,003","$27,476,355","71.0%"
"231.","Hobart and William Smith Colleges","2,244","$63,950,950","$36,504,523","$27,446,427","47.1%"
"232.","Point Park U.","4,224","$62,500,901","$35,176,603","$27,324,298","71.9%"
"233.","Wagner College","2,271","$50,691,979","$23,395,508","$27,296,471","58.4%"
"234.","Cedarville U.","3,886","$63,057,354","$35,810,791","$27,246,563","65.1%"
"235.","U. of Dubuque","2,366","$42,565,389","$15,344,862","$27,220,527","42.1%"
"236.","Abilene Christian U.","5,145","$67,656,972","$40,493,336","$27,163,636","39.2%"
"237.","Fresno Pacific U.","4,105","$45,212,682","$18,049,424","$27,163,258","76.3%"
"238.","Pacific Lutheran U.","3,122","$60,392,397","$33,256,377","$27,136,020","57.7%"
"239.","Concordia U. at St. Paul","4,817","$44,687,255","$17,772,586","$26,914,669","73.6%"
"240.","Xavier U. of Louisiana","3,044","$52,783,908","$25,989,637","$26,794,271","43.4%"
"241.","Pitzer College","1,074","$50,083,941","$23,562,365","$26,521,576","69.6%"
"242.","Golden Gate U.","2,592","$43,327,097","$16,937,429","$26,389,668","83.2%"
"243.","Norwich U.","4,100","$56,645,000","$30,335,000","$26,310,000","44.6%"
"244.","Harding U.","5,541","$76,591,771","$50,350,923","$26,240,848","53.8%"
"245.","U. of Richmond","4,023","$109,760,000","$83,534,000","$26,226,000","15.2%"
"246.","Bay Path U.","3,298","$47,083,128","$21,161,016","$25,922,112","77.0%"
"247.","Bellarmine U.","3,757","$63,174,367","$37,421,370","$25,752,997","75.3%"
"248.","Western Michigan U.-Thomas M. Cooley Law School","1,279","$46,665,413","$21,066,622","$25,598,791","92.5%"
"249.","Samuel Merritt U.","2,141","$62,438,867","$36,888,486","$25,550,381","77.6%"
"250.","Kettering U.","2,311","$47,939,500","$22,424,240","$25,515,260","65.1%"
"251.","Saint Mary's U. of Minnesota","5,754","$54,175,160","$28,662,708","$25,512,452","63.6%"
"252.","Rollins College","3,278","$68,357,000","$43,097,000","$25,260,000","42.5%"
"253.","Northwood U. (Mich.)","3,353","$44,269,617","$19,122,992","$25,146,625","59.9%"
"254.","U. of St. Francis (Ill.)","4,166","$42,508,145","$17,416,479","$25,091,666","81.3%"
"255.","U. of Findlay (Ohio)","4,888","$64,915,187","$39,880,694","$25,034,493","67.2%"
"256.","College of New Rochelle (N.Y.)","3,234","$45,531,979","$20,690,979","$24,841,000","65.7%"
"257.","Upper Iowa U.","4,943","$49,190,952","$24,485,378","$24,705,574","82.2%"
"258.","Palm Beach Atlantic U.","3,839","$53,420,000","$28,783,647","$24,636,353","66.4%"
"259.","Hope College","3,150","$62,861,190","$38,408,240","$24,452,950","44.4%"
"260.","Florida Southern College","3,055","$50,445,463","$26,193,187","$24,252,276","54.6%"
"261.","Barnard College","2,544","$84,399,000","$60,263,000","$24,136,000","40.9%"
"262.","New England Institute of Technology","2,793","$61,116,560","$37,033,921","$24,082,639","72.8%"
"263.","Dickinson College","2,382","$70,335,958","$46,272,958","$24,063,000","41.6%"
"264.","U. of Mary","3,396","$48,062,596","$24,039,763","$24,022,833","68.0%"
"265.","Trine U.*","3,014","$42,740,048","$18,720,343","$24,019,705","58.7%"
"266.","St. Catherine U.","4,724","$70,034,336","$46,087,956","$23,946,380","56.7%"
"267.","College of the Holy Cross","2,855","$89,090,443","$65,176,772","$23,913,671","34.8%"
"268.","D'Youville College","3,021","$52,026,557","$28,338,969","$23,687,588","76.4%"
"269.","William Carey U.","4,839","$53,461,666","$29,880,140","$23,581,526","46.0%"
"270.","Colgate U.","2,894","$95,530,830","$72,118,834","$23,411,996","36.8%"
"271.","Our Lady of the Lake U.","3,212","$51,191,393","$27,923,712","$23,267,681","81.7%"
"272.","Canisius College","3,464","$55,003,298","$31,791,623","$23,211,675","66.9%"
"273.","Pennsylvania College of Technology","5,457","$90,780,292","$67,669,142","$23,111,150","59.8%"
"274.","North Park U.","2,937","$43,900,749","$20,834,264","$23,066,485","59.9%"
"275.","Tulane U.","12,384","$338,028,000","$315,390,000","$22,638,000","31.4%"
"276.","Indiana Tech","7,871","$40,281,459","$17,661,182","$22,620,277","46.3%"
"277.","Nazareth College of Rochester (N.Y.)","2,900","$56,185,379","$33,797,432","$22,387,947","56.8%"
"278.","Lasell College","2,055","$38,203,168","$15,870,623","$22,332,545","57.1%"
"279.","Salve Regina U.","2,823","$44,908,000","$22,596,000","$22,312,000","60.1%"
"280.","St. Ambrose U.","3,114","$50,705,379","$28,473,618","$22,231,761","54.8%"
"281.","Gannon U.","4,149","$66,656,000","$44,787,000","$21,869,000","65.3%"
"282.","DeSales U.","3,315","$53,002,581","$31,146,306","$21,856,275","62.9%"
"283.","Augsburg U.","3,562","$53,325,804","$31,596,886","$21,728,918","63.7%"
"284.","American International College","3,283","$39,322,029","$17,660,053","$21,661,976","71.3%"
"285.","U. of Northwestern Ohio","3,741","$38,582,234","$16,957,309","$21,624,925","80.7%"
"286.","St. Thomas U.","4,538","$44,146,251","$22,544,469","$21,601,782","77.1%"
"287.","Parker U.","1,263","$34,045,996","$12,507,817","$21,538,179","80.3%"
"288.","Springfield College (Mass.)","3,246","$55,629,445","$34,118,993","$21,510,452","54.8%"
"289.","Samford U.","5,509","$107,049,659","$85,597,417","$21,452,242","56.8%"
"290.","Catholic U. of America","6,023","$122,756,824","$101,459,060","$21,297,764","48.1%"
"291.","New York Medical College","1,498","$55,669,656","$34,408,938","$21,260,718","44.1%"
"292.","St. Francis College (N.Y.)","2,362","$41,049,093","$19,881,276","$21,167,817","72.2%"
"293.","Tiffin U.","3,149","$33,166,506","$12,064,891","$21,101,615","67.4%"
"294.","Lafayette College","2,594","$81,241,000","$60,209,000","$21,032,000","33.2%"
"295.","Curry College","2,799","$51,562,500","$30,558,189","$21,004,311","57.0%"
"296.","Georgian Court U.","2,390","$34,264,283","$13,418,687","$20,845,596","72.4%"
"297.","Everglades U. at Boca Raton (Fla.)","2,444","$29,085,102","$8,344,704","$20,740,398","93.9%"
"298.","Willamette U.","2,498","$59,008,000","$38,276,000","$20,732,000","54.8%"
"299.","Marymount Manhattan College","2,150","$41,911,736","$21,311,112","$20,600,624","65.3%"
"300.","U. of Tulsa","4,433","$88,169,774","$67,629,880","$20,539,894","32.7%"
"301.","Concordia U. Texas","2,620","$31,619,064","$11,149,617","$20,469,447","76.9%"
"302.","Valparaiso U.","4,026","$67,502,000","$47,080,000","$20,422,000","45.3%"
"303.","Caldwell U.","2,206","$32,145,000","$11,804,000","$20,341,000","73.8%"
"304.","Whittier College","1,987","$52,256,819","$31,968,104","$20,288,715","69.5%"
"305.","Becker College at Worcester (Mass.)","1,892","$31,133,965","$10,847,429","$20,286,536","66.0%"
"306.","Felician U.","1,996","$34,238,497","$14,011,185","$20,227,312","79.7%"
"307.","Clark U.","3,153","$63,484,000","$43,274,000","$20,210,000","43.2%"
"308.","Husson U.","3,648","$40,843,526","$20,708,405","$20,135,121","69.3%"
"309.","Misericordia U.","2,708","$44,014,326","$23,906,403","$20,107,923","66.2%"
"310.","U. of Mount Olive","3,451","$31,371,979","$11,267,528","$20,104,451","73.0%"
"311.","Connecticut College","1,817","$59,100,000","$39,022,000","$20,078,000","43.9%"
"312.","York College of Pennsylvania","4,415","$61,843,469","$41,798,914","$20,044,555","47.9%"
"313.","Ringling College of Art and Design","1,456","$44,592,572","$24,574,958","$20,017,614","57.8%"
"314.","Muhlenberg College","2,367","$65,022,343","$45,056,712","$19,965,631","47.8%"
"315.","Marywood U.","2,945","$47,391,528","$27,600,875","$19,790,653","66.0%"
"316.","City U. of Seattle","2,199","$32,457,431","$12,701,654","$19,755,777","83.8%"
"317.","College of Mount Saint Vincent","1,910","$35,816,187","$16,083,664","$19,732,523","65.5%"
"318.","Delaware Valley U.","2,422","$38,702,014","$18,970,208","$19,731,806","64.2%"
"319.","Southwestern Law School","784","$33,057,485","$13,369,306","$19,688,179","78.4%"
"320.","Franklin & Marshall College","2,283","$76,029,057","$56,343,267","$19,685,790","45.2%"
"321.","Brenau U.","2,932","$39,989,262","$20,334,964","$19,654,298","70.9%"
"322.","Eckerd College","2,037","$49,080,511","$29,491,343","$19,589,168","60.1%"
"323.","Concordia U. Chicago","5,755","$57,975,086","$38,417,835","$19,557,251","78.6%"
"324.","Niagara U.","3,949","$48,952,219","$29,426,801","$19,525,418","49.8%"
"325.","Mount Saint Mary College (N.Y.)","2,365","$38,298,133","$18,837,048","$19,461,085","57.3%"
"326.","Charleston Southern U.","3,492","$41,692,014","$22,235,357","$19,456,657","65.3%"
"327.","Bradley U.","5,844","$101,722,384","$82,317,061","$19,405,323","55.0%"
"328.","Edgewood College","2,221","$38,837,090","$19,486,499","$19,350,591","72.6%"
"329.","Flagler College at St. Augustine (Fla.)*","3,113","$39,207,784","$19,866,672","$19,341,112","65.0%"
"330.","Lee U.","5,370","$48,546,152","$29,224,451","$19,321,701","65.7%"
"331.","Emmanuel College (Mass.)","2,083","$36,796,327","$17,529,540","$19,266,787","50.9%"
"332.","U. of Northwestern at St. Paul (Minn.)","3,521","$39,762,106","$20,549,078","$19,213,028","49.9%"
"333.","North Central College","2,965","$47,415,832","$28,228,648","$19,187,184","62.8%"
"334.","Carlow U.","2,248","$33,320,797","$14,138,723","$19,182,074","65.0%"
"335.","Dominican College of Blauvelt","1,954","$33,461,241","$14,370,619","$19,090,622","79.4%"
"336.","Whitworth U.","2,627","$48,246,381","$29,180,581","$19,065,800","52.1%"
"337.","Faulkner U.","3,350","$35,373,172","$16,311,527","$19,061,645","75.2%"
"338.","Messiah College","3,331","$56,638,193","$37,584,786","$19,053,407","54.8%"
"339.","Los Angeles Pacific U.","2,339","$21,948,684","$3,030,241","$18,918,443","99.5%"
"340.","Ottawa U. (5 campuses and online)*","2,319","$26,033,580","$7,190,188","$18,843,392","68.8%"
"341.","King's College (Pa.)","2,469","$43,625,825","$24,794,576","$18,831,249","58.2%"
"342.","Trevecca Nazarene U.","3,620","$36,532,404","$17,729,705","$18,802,699","69.3%"
"343.","Franklin Pierce U.","2,303","$35,560,781","$16,916,866","$18,643,915","63.5%"
"344.","U. of Hartford","6,561","$107,234,000","$88,773,000","$18,461,000","52.6%"
"345.","Occidental College","1,972","$60,365,988","$41,910,067","$18,455,921","35.6%"
"346.","St. Norbert College","2,165","$41,384,216","$23,014,531","$18,369,685","49.7%"
"347.","Augustana College (Ill.)","2,647","$43,342,077","$25,035,434","$18,306,643","42.6%"
"348.","Bloomfield College","1,842","$34,920,361","$16,613,994","$18,306,367","70.3%"
"349.","College for Creative Studies","1,453","$33,014,570","$14,759,881","$18,254,689","43.3%"
"350.","Calvin College","3,840","$68,377,632","$50,152,661","$18,224,971","48.8%"
"351.","Centenary U.","1,990","$28,146,431","$9,951,640","$18,194,791","69.1%"
"352.","Stevenson U.","3,876","$58,437,011","$40,318,747","$18,118,264","49.6%"
"353.","Franciscan U. of Steubenville","2,929","$39,472,578","$21,397,058","$18,075,520","52.8%"
"354.","MGH Institute of Health Professions","1,215","$45,244,000","$27,207,000","$18,037,000","78.6%"
"355.","Manhattanville College","2,690","$40,320,491","$22,488,729","$17,831,762","62.8%"
"356.","Albany College of Pharmacy and Health Sciences","1,384","$37,640,078","$19,945,807","$17,694,271","72.3%"
"357.","St. Mary's U.  (Tex.)","3,649","$55,865,000","$38,235,781","$17,629,219","48.6%"
"358.","Adler U.","1,097","$35,806,092","$18,193,747","$17,612,345","91.0%"
"359.","U. of Pikeville","2,336","$31,115,014","$13,530,001","$17,585,013","64.3%"
"360.","Ohio Christian U.","4,483","$31,590,567","$14,020,478","$17,570,089","81.2%"
"361.","Rockhurst U.","3,043","$34,735,805","$17,310,297","$17,425,508","61.3%"
"362.","Gwynedd Mercy U.","2,808","$44,481,000","$27,123,000","$17,358,000","77.5%"
"363.","Trinity College (Conn.)","2,282","$71,888,971","$54,557,035","$17,331,936","34.3%"
"364.","U. of Saint Joseph","2,405","$42,012,000","$24,703,000","$17,309,000","62.4%"
"365.","Pacific Northwest U. of Health Sciences","573","$28,724,998","$11,423,009","$17,301,989","86.9%"
"366.","Jacksonville U.","4,222","$56,048,879","$38,796,947","$17,251,932","60.2%"
"367.","Bethune-Cookman U.","4,143","$42,530,039","$25,281,889","$17,248,150","46.6%"
"368.","Walsh College of Accountancy and Business Administration","2,299","$25,419,146","$8,247,129","$17,172,017","83.0%"
"369.","Colorado College","2,118","$76,014,954","$58,866,341","$17,148,613","48.2%"
"370.","Roger Williams U.","5,024","$90,404,469","$73,262,022","$17,142,447","56.7%"
"371.","Le Moyne College","3,431","$53,200,669","$36,070,525","$17,130,144","51.8%"
"372.","Vanguard U. of Southern California","2,116","$31,340,603","$14,222,196","$17,118,407","66.1%"
"373.","Catawba College","1,336","$28,490,358","$11,439,425","$17,050,933","47.0%"
"374.","Pittsburgh Technical Institute","1,835","$29,545,978","$12,514,118","$17,031,860","77.0%"
"375.","Holy Family U.","3,081","$36,143,713","$19,151,555","$16,992,158","82.7%"
"376.","Thomas Jefferson School of Law","569","$21,163,488","$4,265,029","$16,898,459","86.8%"
"377.","Baldwin Wallace U.","3,791","$62,761,453","$45,908,584","$16,852,869","56.2%"
"378.","Meredith College","1,980","$37,914,925","$21,069,084","$16,845,841","53.8%"
"379.","Immaculata U.","2,481","$32,412,744","$15,632,923","$16,779,821","71.8%"
"380.","Marymount California U.","967","$23,581,943","$6,967,280","$16,614,663","69.0%"
"381.","Wheaton College (Ill.)","2,900","$59,124,698","$42,548,582","$16,576,116","29.9%"
"382.","Benedict College","2,090","$25,922,803","$9,379,051","$16,543,752","49.0%"
"383.","Limestone College","2,661","$31,113,462","$14,575,452","$16,538,010","72.2%"
"384.","Houston Baptist U.","3,325","$37,606,655","$21,106,640","$16,500,015","56.8%"
"385.","Alverno College","1,942","$29,324,221","$12,834,931","$16,489,290","67.7%"
"386.","Carthage College","2,860","$49,557,865","$33,092,512","$16,465,353","46.5%"
"387.","Mount St. Mary's U. (Md.)","2,323","$37,124,390","$20,673,276","$16,451,114","55.0%"
"388.","Alabama College of Osteopathic Medicine","608","$28,196,164","$11,776,583","$16,419,581","97.6%"
"389.","Spalding U.","2,071","$31,133,329","$14,959,865","$16,173,464","87.2%"
"390.","Westminster College (Utah)","2,570","$46,977,417","$30,902,823","$16,074,594","61.4%"
"391.","Medaille College","2,198","$28,379,562","$12,473,436","$15,906,126","81.1%"
"392.","Chatham U.","2,269","$38,383,243","$22,624,734","$15,758,509","63.2%"
"393.","Susquehanna U.","2,351","$42,488,218","$26,753,859","$15,734,359","42.3%"
"394.","Whitman College","1,510","$46,342,342","$30,641,316","$15,701,026","31.6%"
"395.","Colby College","1,917","$63,219,000","$47,579,000","$15,640,000","22.8%"
"396.","Assumption College","2,481","$37,932,138","$22,475,480","$15,456,658","55.9%"
"397.","Dominican U.","3,127","$48,796,502","$33,395,588","$15,400,914","64.7%"
"398.","Missouri Baptist U.","5,488","$29,355,073","$13,969,226","$15,385,847","81.5%"
"399.","Cedar Crest College","1,664","$28,596,580","$13,223,903","$15,372,677","64.2%"
"400.","College of Saint Benedict","1,937","$39,308,002","$23,966,123","$15,341,879","44.8%"
"401.","California College San Diego","875","$19,907,194","$4,567,025","$15,340,169","100.0%"
"402.","Mississippi College","5,036","$53,344,000","$38,010,851","$15,333,149","60.7%"
"403.","U. of the Arts","1,860","$42,888,682","$27,599,120","$15,289,562","41.4%"
"404.","Frontier Nursing U.","2,004","$26,869,923","$11,582,014","$15,287,909","84.5%"
"405.","Goldey-Beacom College","1,823","$20,158,611","$4,875,629","$15,282,982","54.7%"
"406.","Union College (N.Y.)","2,267","$64,848,697","$49,618,336","$15,230,361","31.9%"
"407.","U. of Saint Francis (Ind.)","2,322","$32,142,996","$16,932,210","$15,210,786","67.4%"
"408.","Bethel U. (Tenn.)","5,779","$43,025,084","$27,856,245","$15,168,839","73.6%"
"409.","Illinois College of Optometry","599","$26,337,103","$11,174,417","$15,162,686","60.1%"
"410.","Moravian College","2,446","$43,648,027","$28,492,807","$15,155,220","56.3%"
"411.","Eastern U.","3,291","$39,524,825","$24,424,657","$15,100,168","67.6%"
"412.","Siena College","3,226","$46,294,649","$31,205,765","$15,088,884","40.4%"
"413.","Nichols College","1,634","$22,244,404","$7,183,746","$15,060,658","52.5%"
"414.","Shaw U.","1,660","$26,886,288","$11,933,951","$14,952,337","59.0%"
"415.","Regis College","2,166","$35,107,073","$20,156,706","$14,950,367","59.3%"
"416.","Viterbo U.","2,796","$33,627,418","$18,754,963","$14,872,455","69.1%"
"417.","Metropolitan College of New York","1,113","$24,008,737","$9,140,739","$14,867,998","87.7%"
"418.","St. Lawrence U.","2,493","$57,793,390","$42,950,427","$14,842,963","33.5%"
"419.","Marian U. (Wis.)","1,971","$24,904,790","$10,075,240","$14,829,550","65.7%"
"420.","New England College","2,832","$24,460,163","$9,641,339","$14,818,824","63.9%"
"421.","Cardinal Stritch U.","2,355","$25,426,009","$10,615,699","$14,810,310","79.3%"
"422.","Salus U.","1,141","$38,724,660","$23,937,318","$14,787,342","70.3%"
"423.","Stonehill College","2,498","$47,636,393","$32,853,687","$14,782,706","37.0%"
"424.","Southern California Institute of Architecture","514","$21,534,000","$6,782,000","$14,752,000","83.3%"
"425.","Chaminade U. of Honolulu","2,389","$31,413,262","$16,726,524","$14,686,738","61.5%"
"426.","Hodges U.","1,313","$24,154,356","$9,480,972","$14,673,384","97.5%"
"427.","Gordon College (Mass.)","1,963","$33,993,458","$19,433,084","$14,560,374","37.4%"
"428.","Dartmouth College","6,509","$204,994,262","$190,493,022","$14,501,240","13.6%"
"429.","Carson-Newman U.","2,514","$27,604,872","$13,136,693","$14,468,179","55.4%"
"430.","Saint Louis U.","14,581","$255,328,511","$240,864,490","$14,464,021","28.5%"
"431.","Campbellsville U.","7,207","$36,873,936","$22,412,098","$14,461,838","74.0%"
"432.","St. Louis College of Pharmacy","1,309","$37,090,449","$22,643,368","$14,447,081","48.1%"
"433.","King U. (Tenn.)","2,162","$28,455,202","$14,019,700","$14,435,502","75.8%"
"434.","Brown U.","10,095","$346,614,000","$332,218,000","$14,396,000","27.1%"
"435.","Methodist U.","2,259","$36,898,686","$22,546,234","$14,352,452","61.2%"
"436.","Kenyon College","1,677","$57,343,234","$43,150,629","$14,192,605","34.2%"
"437.","Woodbury U.","1,160","$33,518,096","$19,385,936","$14,132,160","83.2%"
"438.","U. of Western States","1,050","$22,101,045","$8,047,316","$14,053,729","86.4%"
"439.","Otterbein U.","2,936","$42,284,704","$28,262,936","$14,021,768","55.9%"
"440.","Vaughn College of Aeronautics and Technology","1,502","$28,168,214","$14,149,801","$14,018,413","77.9%"
"441.","Cornerstone U.","2,361","$25,624,107","$11,632,948","$13,991,159","53.4%"
"442.","Mid-America Christian U.","2,093","$19,532,601","$5,549,228","$13,983,373","70.8%"
"443.","Otis College of Art and Design","1,115","$35,381,326","$21,413,889","$13,967,437","81.9%"
"444.","Mount St. Joseph U.","2,010","$28,137,101","$14,260,588","$13,876,513","62.8%"
"445.","Saint Francis U. (Pa.)","2,680","$39,022,189","$25,263,594","$13,758,595","56.5%"
"446.","McKendree U.","2,676","$28,979,408","$15,228,115","$13,751,293","55.3%"
"447.","Capital U.","3,384","$45,759,308","$32,063,771","$13,695,537","58.1%"
"448.","Madonna U.","3,086","$33,004,306","$19,326,834","$13,677,472","65.9%"
"449.","St. Bonaventure U.","2,084","$30,378,596","$16,715,150","$13,663,446","49.2%"
"450.","U. of Pittsburgh at Johnstown","2,784","$32,404,274","$18,772,355","$13,631,919","48.8%"
"451.","Notre Dame de Namur U.","1,605","$25,263,952","$11,632,560","$13,631,392","65.5%"
"452.","Texas Wesleyan U.","2,396","$38,939,177","$25,413,664","$13,525,513","61.4%"
"453.","Dominican U. of California","1,744","$41,635,090","$28,126,400","$13,508,690","69.5%"
"454.","LeTourneau U.","3,003","$32,994,619","$19,520,498","$13,474,121","66.4%"
"455.","Roanoke College","2,035","$36,771,382","$23,340,410","$13,430,972","47.8%"
"456.","Linfield College*","1,879","$42,535,000","$29,211,285","$13,323,715","54.4%"
"457.","Campbell U.","6,604","$102,396,089","$89,076,105","$13,319,984","60.5%"
"458.","John Carroll U.","3,545","$48,103,297","$34,789,040","$13,314,257","41.2%"
"459.","U. of Dallas","2,510","$36,247,000","$22,967,000","$13,280,000","56.8%"
"460.","Milwaukee School of Engineering","2,823","$43,860,129","$30,610,287","$13,249,842","51.0%"
"461.","Goodwin College","3,410","$55,635,000","$42,390,116","$13,244,884","75.8%"
"462.","Trinity Washington U.","1,964","$23,776,757","$10,532,675","$13,244,082","67.2%"
"463.","Lakeland U.","2,679","$22,790,935","$9,592,137","$13,198,798","56.7%"
"464.","Manhattan School of Music","1,007","$31,606,340","$18,475,927","$13,130,413","67.0%"
"465.","College of Saint Rose","3,929","$52,866,729","$39,864,295","$13,002,434","64.1%"
"466.","Saint Anselm College","1,964","$39,367,805","$26,395,772","$12,972,033","40.0%"
"467.","Baker U.","2,694","$26,470,962","$13,506,545","$12,964,417","69.1%"
"468.","Clarkson U.","4,233","$72,010,014","$59,132,453","$12,877,561","44.3%"
"469.","Drury U.","3,512","$33,136,209","$20,261,763","$12,874,446","56.8%"
"470.","Walla Walla U.","1,825","$32,360,919","$19,497,680","$12,863,239","58.4%"
"471.","Spring Arbor U.","3,342","$34,866,084","$22,066,448","$12,799,636","61.4%"
"472.","Chestnut Hill College","1,846","$25,732,707","$12,972,265","$12,760,442","67.9%"
"473.","U. of Charleston","2,481","$28,501,215","$15,799,482","$12,701,733","58.0%"
"474.","New York Chiropractic College","926","$24,163,420","$11,491,697","$12,671,723","74.5%"
"475.","California Western School of Law","761","$20,086,580","$7,462,099","$12,624,481","75.3%"
"476.","La Roche College","1,535","$21,684,971","$9,174,053","$12,510,918","70.9%"
"477.","Oklahoma City U.","2,845","$50,933,514","$38,431,298","$12,502,216","58.5%"
"478.","Daemen College","2,635","$35,064,274","$22,575,095","$12,489,179","70.1%"
"479.","Life Chiropractic College West","620","$19,622,776","$7,201,436","$12,421,340","80.4%"
"480.","Gardner-Webb U.","3,818","$40,318,356","$27,898,109","$12,420,247","56.6%"
"481.","Grand View U.","1,836","$23,892,105","$11,527,401","$12,364,704","61.4%"
"482.","Beth Medrash Govoha","6,479","$19,402,772","$7,117,637","$12,285,135","37.7%"
"483.","United Talmudical Seminary","2,722","$22,226,053","$9,995,681","$12,230,372","85.2%"
"484.","Christian Brothers U.","2,157","$25,619,548","$13,434,188","$12,185,360","43.2%"
"485.","Oral Roberts U.","3,919","$38,286,768","$26,146,406","$12,140,362","38.3%"
"486.","Hartwick College","1,201","$30,124,194","$17,985,076","$12,139,118","55.0%"
"487.","Taylor U.","2,145","$35,373,764","$23,265,570","$12,108,194","49.3%"
"488.","Pacific Oaks College","1,100","$18,872,526","$6,809,737","$12,062,789","97.7%"
"489.","Lackawanna College","1,604","$19,960,477","$7,956,559","$12,003,918","79.6%"
"490.","Logan U.","1,371","$25,833,694","$13,856,056","$11,977,638","87.8%"
"491.","Seton Hill U.","2,470","$32,375,322","$20,412,299","$11,963,023","59.7%"
"492.","California Institute of the Arts","1,498","$46,833,523","$34,881,370","$11,952,153","54.4%"
"493.","Southwestern Assemblies of God U.","2,162","$21,704,687","$9,766,489","$11,938,198","66.9%"
"494.","Lebanon Valley College","1,910","$33,789,412","$21,871,364","$11,918,048","50.8%"
"495.","John Marshall Law School (Ill.)","1,005","$30,643,721","$18,731,836","$11,911,885","83.4%"
"496.","Wingate U.","3,620","$40,722,439","$28,840,777","$11,881,662","37.1%"
"497.","Rivier U.","2,431","$25,825,150","$13,962,871","$11,862,279","65.9%"
"498.","Northwestern Health Sciences U.","826","$20,376,173","$8,544,507","$11,831,666","79.8%"
"499.","Keuka College","1,953","$26,715,518","$14,888,612","$11,826,906","63.6%"
"500.","Dean College","1,301","$21,594,274","$9,770,956","$11,823,318","47.8%"
"501.","Elizabethtown College*","2,160","$42,000,603","$30,200,134","$11,800,469","53.0%"
"502.","Concordia College at Moorhead","2,059","$38,354,326","$26,592,782","$11,761,544","38.1%"
"503.","Washington College","1,484","$34,310,651","$22,578,308","$11,732,343","46.6%"
"504.","Palo Alto U.","1,074","$28,857,589","$17,186,581","$11,671,008","94.7%"
"505.","William Jessup U.","1,504","$20,353,800","$8,713,140","$11,640,660","67.3%"
"506.","Maryland U. of Integrative Health","1,183","$16,383,115","$4,758,240","$11,624,875","95.7%"
"507.","Anna Maria College","1,445","$17,565,213","$5,980,755","$11,584,458","70.2%"
"508.","Walsh U.","2,759","$32,557,801","$20,978,307","$11,579,494","58.7%"
"509.","Benedictine College","2,166","$26,205,238","$14,655,359","$11,549,879","50.3%"
"510.","William James College","748","$22,714,265","$11,209,286","$11,504,979","85.0%"
"511.","Albertus Magnus College","1,464","$20,136,434","$8,661,973","$11,474,461","67.5%"
"512.","Corban U.","1,187","$16,093,500","$4,642,964","$11,450,536","64.6%"
"513.","Notre Dame College (Ohio)","1,901","$19,960,928","$8,525,121","$11,435,807","59.0%"
"514.","Sage Colleges","2,525","$33,251,474","$21,822,918","$11,428,556","65.5%"
"515.","Southern Adventist U.","3,035","$38,922,534","$27,519,504","$11,403,030","48.4%"
"516.","Rose-Hulman Institute of Technology","2,245","$55,866,015","$44,473,095","$11,392,920","48.4%"
"517.","Manchester U.","1,572","$26,071,922","$14,687,553","$11,384,369","55.0%"
"518.","Thomas More U.","2,064","$21,401,259","$10,095,027","$11,306,232","67.3%"
"519.","Saint Martin's U.","1,565","$22,882,447","$11,606,839","$11,275,608","57.4%"
"520.","Indiana Wesleyan U.","3,072","$41,914,167","$30,732,805","$11,181,362","41.8%"
"521.","U. of Lynchburg","2,810","$41,382,329","$30,254,322","$11,128,007","54.3%"
"522.","Midland U.","1,793","$17,759,281","$6,683,675","$11,075,606","63.8%"
"523.","Union Institute & U.","1,085","$18,229,389","$7,155,704","$11,073,685","88.9%"
"524.","Florida Memorial U.","1,250","$18,675,211","$7,620,091","$11,055,120","51.9%"
"525.","Sarah Lawrence College","1,696","$46,844,622","$35,811,119","$11,033,503","44.1%"
"526.","CollegeAmerica at Phoenix","512","$12,685,932","$1,670,182","$11,015,750","100.0%"
"527.","Ohio Dominican U.","1,714","$20,705,387","$9,705,719","$10,999,668","58.8%"
"528.","Albright College","2,036","$32,867,009","$21,936,611","$10,930,398","53.4%"
"529.","Ranken Technical College","1,644","$19,257,550","$8,328,065","$10,929,485","32.0%"
"530.","Nebraska Wesleyan U.","2,064","$26,657,000","$15,739,000","$10,918,000","49.4%"
"531.","Mount Aloysius College","1,740","$20,808,042","$9,894,554","$10,913,488","57.0%"
"532.","Evangel U.","2,112","$21,354,486","$10,448,324","$10,906,162","54.9%"
"533.","U. of St. Thomas (Tex.)","3,168","$42,390,001","$31,547,896","$10,842,105","56.6%"
"534.","Sewanee: The U. of the South","1,778","$47,054,596","$36,293,180","$10,761,416","32.6%"
"535.","MidAmerica Nazarene U.","1,888","$21,605,997","$10,928,715","$10,677,282","60.9%"
"536.","Cambridge College","2,261","$21,694,849","$11,025,255","$10,669,594","87.7%"
"537.","Mount Mercy U.","1,848","$21,439,172","$10,790,596","$10,648,576","57.4%"
"538.","Hampshire College","1,268","$30,724,413","$20,169,892","$10,554,521","47.7%"
"539.","Carroll College","1,362","$22,294,479","$11,748,100","$10,546,379","41.4%"
"540.","Graceland U. (Iowa)","2,262","$23,455,067","$12,940,496","$10,514,571","53.3%"
"541.","California Institute of Integral Studies","1,417","$24,932,806","$14,426,781","$10,506,025","82.7%"
"542.","Siena Heights U.","2,464","$22,361,571","$11,879,483","$10,482,088","50.8%"
"543.","Cabrini U.","2,305","$28,140,113","$17,723,583","$10,416,530","56.9%"
"544.","Friends U.","1,628","$18,343,568","$8,003,660","$10,339,908","58.0%"
"545.","Meharry Medical College","826","$36,055,657","$25,721,002","$10,334,655","23.3%"
"546.","Union U.","3,377","$47,408,127","$37,079,016","$10,329,111","70.1%"
"547.","Goldfarb School of Nursing at Barnes-Jewish College","633","$18,726,443","$8,403,236","$10,323,207","85.8%"
"548.","Boston Architectural College","695","$16,092,829","$5,783,543","$10,309,286","89.4%"
"549.","Lake Forest College","1,542","$27,071,330","$16,787,382","$10,283,948","42.4%"
"550.","Hallmark U.","883","$14,397,825","$4,163,406","$10,234,419","96.3%"
"551.","Aquinas College (Mich.)","1,716","$21,166,289","$10,943,017","$10,223,272","42.2%"
"552.","Northwest U. (Wash.)","1,250","$21,663,000","$11,520,000","$10,143,000","65.0%"
"553.","Concordia U. (Neb.)","2,520","$22,718,279","$12,651,748","$10,066,531","43.2%"
"554.","McDaniel College","2,819","$33,777,000","$23,725,000","$10,052,000","45.7%"
"555.","St. Olaf College","3,035","$64,883,587","$54,846,415","$10,037,172","36.4%"
"556.","College of Wooster (Ohio)","1,980","$40,031,833","$30,006,400","$10,025,433","32.1%"
"557.","Fielding Graduate U.","957","$20,000,273","$10,121,188","$9,879,085","91.9%"
"558.","Bastyr U.","1,195","$33,504,525","$23,685,465","$9,819,060","76.0%"
"559.","Randolph-Macon College","1,453","$25,054,112","$15,240,862","$9,813,250","38.2%"
"560.","Rockford U.","1,262","$18,115,806","$8,339,644","$9,776,162","53.0%"
"561.","North Carolina Wesleyan College","2,093","$19,764,727","$9,989,690","$9,775,037","63.2%"
"562.","U. of Mount Union","2,257","$33,218,054","$23,495,056","$9,722,998","49.1%"
"563.","Lenoir-Rhyne U.","2,557","$28,655,792","$18,968,185","$9,687,607","48.0%"
"564.","Buena Vista U.","1,982","$25,376,956","$15,689,460","$9,687,496","49.4%"
"565.","Livingstone College","1,150","$16,887,362","$7,301,710","$9,585,652","52.0%"
"566.","Saint John's U. (Minn.)","1,815","$34,982,284","$25,447,537","$9,534,747","33.8%"
"567.","Peirce College","1,478","$15,936,352","$6,427,559","$9,508,793","79.7%"
"568.","William Peace U.","930","$13,342,460","$3,850,984","$9,491,476","56.4%"
"569.","Virginia Union U.","1,674","$20,277,854","$10,793,427","$9,484,427","51.4%"
"570.","Resurrection U.","792","$16,892,228","$7,460,221","$9,432,007","96.6%"
"571.","U.T.A. Mesivta of Kiryas Joel","1,864","$18,839,390","$9,573,651","$9,265,739","93.3%"
"572.","Saint Vincent College*","1,912","$26,457,656","$17,208,916","$9,248,740","34.0%"
"573.","Saint Joseph's College (N.Y.)","1,176","$17,480,000","$8,240,000","$9,240,000","84.4%"
"574.","Columbus College of Art & Design","1,075","$21,545,272","$12,306,275","$9,238,997","77.6%"
"575.","Oakwood U.","1,711","$20,447,514","$11,210,666","$9,236,848","36.7%"
"576.","Reed College","1,470","$42,970,794","$33,766,584","$9,204,210","31.4%"
"577.","Dunwoody College of Technology","1,301","$23,324,522","$14,127,961","$9,196,561","64.0%"
"578.","Wesley College (Del.)","1,561","$20,238,665","$11,073,951","$9,164,714","62.9%"
"579.","Adrian College","1,709","$23,335,701","$14,191,537","$9,144,164","48.7%"
"580.","Guilford College","1,680","$23,258,749","$14,123,794","$9,134,955","41.6%"
"581.","Concordia College (N.Y.)","1,597","$18,045,451","$8,932,838","$9,112,613","59.2%"
"582.","Crown College (Minn.)","1,353","$12,403,706","$3,321,811","$9,081,895","66.4%"
"583.","Oakland City U.","1,303","$18,007,798","$8,937,008","$9,070,790","75.0%"
"584.","Southern Wesleyan U.","1,688","$17,263,581","$8,240,821","$9,022,760","67.7%"
"585.","Southwest Baptist U.","3,592","$26,652,077","$17,634,027","$9,018,050","61.1%"
"586.","San Diego Christian College","680","$12,979,467","$3,984,881","$8,994,586","96.3%"
"587.","Capitol Technology U.","736","$12,381,937","$3,390,910","$8,991,027","75.1%"
"588.","Loyola U. New Orleans","3,759","$57,234,000","$48,246,000","$8,988,000","54.6%"
"589.","Naropa U.","966","$19,026,485","$10,053,086","$8,973,399","80.4%"
"590.","Elmira College","1,012","$20,449,600","$11,491,087","$8,958,513","50.3%"
"591.","Florida Institute of Technology Online","2,537","$13,549,499","$4,608,750","$8,940,749","99.0%"
"592.","Trocaire College","1,399","$17,380,799","$8,465,461","$8,915,338","87.2%"
"593.","Allegheny College","1,802","$34,655,707","$25,759,378","$8,896,329","35.3%"
"594.","Spelman College","2,137","$38,248,856","$29,359,615","$8,889,241","32.4%"
"595.","Anderson U. (Ind.)","1,877","$26,267,000","$17,379,000","$8,888,000","54.8%"
"596.","Westmont College","1,300","$31,892,581","$23,021,032","$8,871,549","47.2%"
"597.","Menlo College","744","$14,960,796","$6,133,041","$8,827,755","53.9%"
"598.","Claremont McKenna College","1,345","$47,457,000","$38,640,000","$8,817,000","23.6%"
"599.","New England Law at Boston","556","$15,824,627","$7,031,245","$8,793,382","90.8%"
"600.","National U. of Health Sciences","686","$19,102,463","$10,360,981","$8,741,482","80.6%"
"601.","Bridgewater College","1,889","$21,007,236","$12,272,446","$8,734,790","33.5%"
"602.","Rhodes College","2,010","$41,151,529","$32,441,221","$8,710,308","37.5%"
"603.","Macalester College","2,136","$51,614,000","$42,922,000","$8,692,000","30.7%"
"604.","Icahn School of Medicine at Mount Sinai","1,208","$42,624,000","$33,947,248","$8,676,752","1.7%"
"605.","Geisinger Commonwealth School of Medicine","520","$24,726,697","$16,075,617","$8,651,080","61.1%"
"606.","Master's U. and Seminary","1,946","$22,355,539","$13,707,439","$8,648,100","48.5%"
"607.","Lubbock Christian U.","1,883","$21,676,721","$13,038,844","$8,637,877","60.7%"
"608.","Fisher College","1,923","$20,064,405","$11,436,699","$8,627,706","73.0%"
"609.","Fontbonne U.","1,375","$20,356,423","$11,733,370","$8,623,053","75.9%"
"610.","Loras College","1,467","$18,700,162","$10,118,392","$8,581,770","44.8%"
"611.","Geneva College","1,598","$21,208,829","$12,647,888","$8,560,941","55.5%"
"612.","Wartburg College","1,527","$23,806,332","$15,251,342","$8,554,990","40.9%"
"613.","Tuskegee U.","3,289","$46,858,463","$38,331,333","$8,527,130","33.8%"
"614.","Southern Nazarene U.","2,165","$26,225,343","$17,727,041","$8,498,302","53.5%"
"615.","Mount Carmel College of Nursing","1,069","$17,864,513","$9,370,187","$8,494,326","81.7%"
"616.","Southern California U. of Health Sciences","1,096","$19,984,292","$11,508,061","$8,476,231","83.8%"
"617.","Washington & Jefferson College","1,412","$28,705,136","$20,247,744","$8,457,392","42.1%"
"618.","Ferrum College","1,137","$16,626,643","$8,175,402","$8,451,241","40.2%"
"619.","Bank Street College of Education","704","$33,858,118","$25,414,879","$8,443,239","52.6%"
"620.","Wofford College","1,678","$28,900,391","$20,469,934","$8,430,457","31.6%"
"621.","North Greenville U.","2,565","$21,707,403","$13,287,329","$8,420,074","50.2%"
"622.","Northwest Nazarene U.","2,168","$25,179,323","$16,762,375","$8,416,948","56.0%"
"623.","St. Thomas Aquinas College","1,915","$19,472,032","$11,109,197","$8,362,835","61.3%"
"624.","Tusculum U.","1,767","$15,171,323","$6,826,434","$8,344,889","55.5%"
"625.","Hood College","2,112","$23,270,229","$14,928,490","$8,341,739","45.5%"
"626.","Morningside College","2,788","$21,622,110","$13,291,704","$8,330,406","50.6%"
"627.","Wheeling Jesuit U.","1,124","$17,032,614","$8,760,243","$8,272,371","55.1%"
"628.","Juniata College","1,495","$27,003,421","$18,731,495","$8,271,926","42.5%"
"629.","Bennington College","851","$24,651,254","$16,406,989","$8,244,265","54.6%"
"630.","Ursinus College","1,507","$29,807,743","$21,568,484","$8,239,259","38.8%"
"631.","Mercy College of Health Sciences","758","$14,889,167","$6,689,341","$8,199,826","90.8%"
"632.","Newman U.","3,378","$18,726,281","$10,531,053","$8,195,228","65.9%"
"633.","Simpson College (Iowa)","1,479","$23,538,365","$15,460,169","$8,078,196","52.0%"
"634.","Avila U.","1,703","$20,984,964","$12,919,215","$8,065,749","65.5%"
"635.","Oklahoma Christian U.","2,458","$24,885,192","$16,834,844","$8,050,348","52.2%"
"636.","Saint Joseph's College of Maine","2,291","$22,769,742","$14,764,650","$8,005,092","59.9%"
"637.","AdventHealth U.","1,809","$25,301,406","$17,332,895","$7,968,511","72.7%"
"638.","College of Saint Mary","1,140","$15,961,308","$8,016,417","$7,944,891","69.7%"
"639.","Keck Graduate Institute","591","$19,486,984","$11,573,747","$7,913,237","64.9%"
"640.","Asbury U.","1,990","$22,823,352","$14,912,529","$7,910,823","54.3%"
"641.","Carlos Albizu U. at Miami","1,035","$12,116,775","$4,211,335","$7,905,440","80.7%"
"642.","South Texas College of Law Houston","936","$24,536,309","$16,647,128","$7,889,181","76.3%"
"643.","Chowan U.","1,503","$15,954,135","$8,081,523","$7,872,612","50.6%"
"644.","Notre Dame of Maryland U.","2,475","$30,976,583","$23,113,229","$7,863,354","63.2%"
"645.","Wheaton College (Mass.)","1,688","$37,142,042","$29,347,429","$7,794,613","38.8%"
"646.","Central Methodist U., College of Liberal Arts and Sciences, and College of Graduate and Extended Studies*","5,059","$25,818,125","$18,038,577","$7,779,548","64.9%"
"647.","Mount Ida College","1,555","$20,588,156","$12,826,984","$7,761,172","50.3%"
"648.","Rosemont College","1,008","$11,925,090","$4,184,000","$7,741,090","52.9%"
"649.","Ohio Northern U.","3,088","$47,490,580","$39,751,612","$7,738,968","46.7%"
"650.","Nyack College","2,455","$26,160,083","$18,449,103","$7,710,980","70.5%"
"651.","Lancaster Bible College","2,207","$18,961,274","$11,263,489","$7,697,785","63.4%"
"652.","Elms College","1,580","$19,928,956","$12,273,233","$7,655,723","60.8%"
"653.","Unity College","733","$12,042,201","$4,401,971","$7,640,230","59.3%"
"654.","Wittenberg U.","1,884","$27,582,139","$19,942,080","$7,640,059","46.2%"
"655.","Mount Vernon Nazarene U.","2,222","$20,152,211","$12,522,154","$7,630,057","52.2%"
"656.","Marietta College","1,145","$22,746,252","$15,123,738","$7,622,514","45.3%"
"657.","Clarke U.","1,039","$16,904,578","$9,287,342","$7,617,236","55.9%"
"658.","East Texas Baptist U.","1,533","$16,897,717","$9,282,681","$7,615,036","43.5%"
"659.","Mount Mary U. (Wis.)","1,399","$16,320,769","$8,750,445","$7,570,324","62.3%"
"660.","Dordt College","1,533","$22,465,236","$14,918,270","$7,546,966","45.7%"
"661.","Virginia Wesleyan U.","1,470","$22,033,001","$14,499,027","$7,533,974","54.7%"
"662.","Herzing U. at Atlanta","686","$11,257,624","$3,748,034","$7,509,590","98.1%"
"663.","John F. Kennedy U.","815","$17,027,093","$9,577,127","$7,449,966","63.1%"
"664.","Pacific Union College","1,229","$21,840,684","$14,408,057","$7,432,627","46.2%"
"665.","Lindsey Wilson College","2,565","$21,212,377","$13,792,089","$7,420,288","47.3%"
"666.","Remington College at Dallas","971","$13,502,263","$6,103,504","$7,398,759","99.4%"
"667.","Millikin U.","2,040","$28,385,147","$20,993,428","$7,391,719","53.9%"
"668.","Reinhardt U.","1,508","$17,244,628","$9,855,049","$7,389,579","49.8%"
"669.","Barton College","960","$15,541,329","$8,152,066","$7,389,263","59.9%"
"670.","Wayland Baptist U.","4,847","$41,733,374","$34,408,211","$7,325,163","66.6%"
"671.","Trinity Christian College","1,192","$18,726,539","$11,415,749","$7,310,790","57.6%"
"672.","Spring Hill College","1,485","$18,517,122","$11,215,305","$7,301,817","40.4%"
"673.","Alderson Broaddus U.","1,020","$13,209,151","$5,914,442","$7,294,709","54.7%"
"674.","U. of Saint Mary","1,310","$17,559,842","$10,271,581","$7,288,261","66.8%"
"675.","Malone U.","1,705","$18,876,037","$11,598,819","$7,277,218","58.7%"
"676.","Bethel College (Ind.)","1,513","$18,641,512","$11,371,939","$7,269,573","57.9%"
"677.","Union College (Ky.)","1,309","$12,253,466","$4,995,390","$7,258,076","57.0%"
"678.","Laboure College","870","$14,612,807","$7,364,719","$7,248,088","94.8%"
"679.","Belmont Abbey College","1,555","$14,928,748","$7,731,742","$7,197,006","50.2%"
"680.","Boricua College","883","$10,824,675","$3,634,768","$7,189,907","92.0%"
"681.","Schreiner U.","1,312","$17,131,130","$9,942,386","$7,188,744","55.5%"
"682.","Presbyterian College","1,280","$22,085,758","$14,900,686","$7,185,072","39.9%"
"683.","Saybrook U.","685","$11,980,136","$4,869,345","$7,110,791","92.1%"
"684.","Oklahoma Wesleyan U.","1,204","$14,612,358","$7,506,378","$7,105,980","62.2%"
"685.","Keystone College","1,523","$17,687,009","$10,584,838","$7,102,171","64.2%"
"686.","Warner U.","1,212","$11,321,158","$4,223,675","$7,097,483","67.5%"
"687.","Goucher College","2,236","$32,543,000","$25,458,290","$7,084,710","39.6%"
"688.","U. of Pittsburgh at Greensburg","1,523","$16,682,421","$9,601,800","$7,080,621","65.5%"
"689.","National U. of Natural Medicine","597","$17,205,997","$10,131,730","$7,074,267","76.7%"
"690.","Springfield College School of Human Services (Mass.)","978","$14,659,594","$7,588,882","$7,070,712","83.8%"
"691.","Southwestern College (Kan.)","1,306","$15,885,078","$8,814,711","$7,070,367","63.9%"
"692.","Luther College","2,053","$37,580,763","$30,566,367","$7,014,396","42.1%"
"693.","Webber International U.","682","$8,933,907","$1,951,461","$6,982,446","65.3%"
"694.","Roberts Wesleyan College","1,740","$25,127,818","$18,249,972","$6,877,846","69.5%"
"695.","New England College of Optometry","527","$21,105,723","$14,235,572","$6,870,151","68.1%"
"696.","Piedmont College","2,361","$24,361,103","$17,531,263","$6,829,840","58.8%"
"697.","Milwaukee Institute of Art & Design","660","$12,053,703","$5,234,758","$6,818,945","84.4%"
"698.","Jefferson College of Health Sciences","1,151","$21,502,210","$14,689,090","$6,813,120","69.7%"
"699.","Mary Baldwin U.","1,654","$22,612,591","$15,827,530","$6,785,061","64.7%"
"700.","Morehouse College","2,202","$31,456,177","$24,710,823","$6,745,354","32.8%"
"701.","Queens U. of Charlotte","2,507","$27,328,959","$20,626,060","$6,702,899","27.1%"
"702.","Oglethorpe U.","1,250","$15,595,176","$8,904,936","$6,690,240","44.4%"
"703.","U. of Evansville","2,516","$35,781,360","$29,157,025","$6,624,335","43.6%"
"704.","Thomas College (Me.)","1,802","$11,530,232","$4,935,001","$6,595,231","48.8%"
"705.","Truett McConnell U.","2,622","$12,072,746","$5,486,141","$6,586,605","68.2%"
"706.","Saint Mary's College (Ind.)","1,637","$30,332,172","$23,747,553","$6,584,619","39.9%"
"707.","Culver-Stockton College","1,134","$11,186,193","$4,666,124","$6,520,069","42.4%"
"708.","U. of Sioux Falls","1,453","$15,250,870","$8,733,904","$6,516,966","47.7%"
"709.","Simpson U. (Calif.)","903","$13,557,716","$7,060,109","$6,497,607","69.2%"
"710.","Calumet College of Saint Joseph","834","$11,354,282","$4,865,886","$6,488,396","87.7%"
"711.","Midway U.","1,217","$11,978,530","$5,520,960","$6,457,570","54.4%"
"712.","Claremont Graduate U.","1,913","$40,429,102","$34,017,415","$6,411,687","60.4%"
"713.","Andrews U.","3,300","$42,738,856","$36,336,421","$6,402,435","42.9%"
"714.","William Woods U.","2,284","$15,757,456","$9,419,863","$6,337,593","61.2%"
"715.","Wesleyan U. (Conn.)","3,213","$103,564,000","$97,234,000","$6,330,000","30.3%"
"716.","Rochester U.","1,168","$11,130,001","$4,809,159","$6,320,842","75.9%"
"717.","Gustavus Adolphus College","2,181","$41,460,167","$35,159,031","$6,301,136","35.5%"
"718.","Lane College","1,420","$12,041,995","$5,752,889","$6,289,106","48.4%"
"719.","Midwestern Baptist Theological Seminary","2,239","$9,223,018","$2,958,409","$6,264,609","46.4%"
"720.","Hilbert College","792","$11,714,632","$5,470,460","$6,244,172","73.9%"
"721.","Lourdes U.","1,352","$16,722,673","$10,479,029","$6,243,644","51.1%"
"722.","St. Augustine College (Ill.)","1,256","$10,975,487","$4,794,505","$6,180,982","68.8%"
"723.","Brooklyn Law School","1,151","$25,594,555","$19,495,501","$6,099,054","43.6%"
"724.","U. of Valley Forge","764","$9,981,318","$3,891,478","$6,089,840","59.3%"
"725.","Southwestern U. (Tex.)","1,396","$25,115,213","$19,026,319","$6,088,894","36.1%"
"726.","Bryan College (Tenn.)","1,397","$10,782,330","$4,709,690","$6,072,640","61.4%"
"727.","Mitchell Hamline College of Law","1,095","$17,510,999","$11,442,601","$6,068,398","62.2%"
"728.","Prescott College","711","$10,300,928","$4,247,766","$6,053,162","73.0%"
"729.","Maranatha Baptist U.","1,139","$11,642,401","$5,609,011","$6,033,390","67.6%"
"730.","Columbia College (S.C.)","1,514","$17,846,057","$11,837,829","$6,008,228","65.4%"
"731.","Hiram College","1,221","$15,902,898","$9,898,478","$6,004,420","43.2%"
"732.","Coker College","1,109","$13,162,325","$7,179,915","$5,982,410","48.1%"
"733.","Hope International U.","1,373","$13,684,386","$7,717,252","$5,967,134","58.7%"
"734.","North Central U.","1,109","$12,144,304","$6,220,911","$5,923,393","54.9%"
"735.","John Brown U.","2,613","$24,732,831","$18,846,049","$5,886,782","39.0%"
"736.","Cornish College of the Arts","658","$18,481,281","$12,598,820","$5,882,461","82.5%"
"737.","Texas College","992","$8,823,025","$2,944,581","$5,878,444","50.3%"
"738.","Bluefield College","997","$9,694,783","$3,839,507","$5,855,276","64.9%"
"739.","Cumberland U.","2,314","$14,329,774","$8,494,309","$5,835,465","57.5%"
"740.","Methodist College","681","$12,000,174","$6,170,493","$5,829,681","98.8%"
"741.","Eastern Mennonite U.","1,530","$23,765,739","$17,946,929","$5,818,810","56.2%"
"742.","Warner Pacific U.*","907","$13,447,099","$7,668,778","$5,778,321","62.0%"
"743.","Altierus Career U. at Tampa (Fla.)","1,207","$8,776,399","$3,000,334","$5,776,065","91.4%"
"744.","Maharishi U. of Management","1,646","$16,354,000","$10,588,000","$5,766,000","50.7%"
"745.","U. of Holy Cross","1,246","$12,449,263","$6,705,526","$5,743,737","74.4%"
"746.","Beloit College","1,402","$25,983,299","$20,264,970","$5,718,329","36.4%"
"747.","Transylvania U.","966","$16,673,420","$10,972,796","$5,700,624","30.4%"
"748.","Thomas U.","1,601","$11,592,330","$5,907,635","$5,684,695","79.2%"
"749.","Olivet College","1,224","$11,736,946","$6,060,632","$5,676,314","46.4%"
"750.","Lake Erie College","1,177","$11,435,825","$5,782,049","$5,653,776","49.6%"
"751.","West Virginia Wesleyan College","1,449","$16,409,889","$10,775,027","$5,634,862","40.7%"
"752.","Washington Adventist U.","1,069","$15,842,829","$10,217,458","$5,625,371","46.8%"
"753.","Briar Cliff U.","1,186","$13,561,701","$7,950,366","$5,611,335","57.9%"
"754.","McMurry U.","1,108","$14,750,194","$9,170,997","$5,579,197","44.7%"
"755.","Pillar College","543","$7,779,346","$2,220,843","$5,558,503","93.6%"
"756.","Mitchell College","707","$9,005,886","$3,455,240","$5,550,646","42.3%"
"757.","Franciscan Missionaries of Our Lady U.","1,446","$15,011,037","$9,478,563","$5,532,474","63.8%"
"758.","Edward Waters College","3,443","$10,397,156","$4,895,966","$5,501,190","42.1%"
"759.","Presentation College","761","$10,272,287","$4,777,058","$5,495,229","60.0%"
"760.","Sierra Nevada College","965","$12,122,742","$6,627,906","$5,494,836","69.3%"
"761.","Kansas Wesleyan U.","791","$9,464,573","$3,988,606","$5,475,967","51.1%"
"762.","William Penn U.","1,339","$12,235,411","$6,775,746","$5,459,665","54.4%"
"763.","Johnson C. Smith U.","1,483","$17,220,178","$11,798,538","$5,421,640","38.5%"
"764.","Coe College","1,394","$19,791,519","$14,392,460","$5,399,059","44.1%"
"765.","Huston-Tillotson U.","1,102","$11,156,895","$5,782,964","$5,373,931","51.2%"
"766.","Milligan College","1,171","$14,802,847","$9,441,802","$5,361,045","50.4%"
"767.","Greensboro College","1,081","$11,344,060","$6,022,764","$5,321,296","55.6%"
"768.","Newbury College","620","$10,686,242","$5,408,725","$5,277,517","65.2%"
"769.","Georgetown College","1,767","$13,814,428","$8,570,508","$5,243,920","39.1%"
"770.","LeMoyne-Owen College","863","$9,438,225","$4,220,672","$5,217,553","54.8%"
"771.","Holy Names U.","884","$12,991,996","$7,800,985","$5,191,011","39.3%"
"772.","Allen College","622","$10,408,215","$5,236,413","$5,171,802","95.9%"
"773.","Cleveland Institute of Art","636","$13,291,133","$8,164,580","$5,126,553","58.2%"
"774.","Baptist College of Health Sciences","1,075","$13,771,353","$8,686,293","$5,085,060","64.7%"
"775.","Charles R. Drew U. of Medicine and Science","543","$14,857,500","$9,788,700","$5,068,800","24.5%"
"776.","U. of the Southwest","1,026","$8,941,939","$3,884,509","$5,057,430","75.4%"
"777.","Heidelberg U.","1,201","$16,623,194","$11,620,968","$5,002,226","42.0%"
"778.","Lincoln U. (Calif.)","659","$6,917,550","$1,928,850","$4,988,700","96.4%"
"779.","College of Saint Elizabeth","1,141","$15,023,789","$10,070,225","$4,953,564","57.0%"
"780.","Toccoa Falls College","1,411","$9,711,870","$4,773,427","$4,938,443","40.2%"
"781.","U. of Mobile","1,604","$14,000,343","$9,065,421","$4,934,922","47.8%"
"782.","Ursuline College","1,123","$16,352,185","$11,426,320","$4,925,865","62.2%"
"783.","Emmanuel College (Ga.)","953","$8,583,063","$3,690,776","$4,892,287","52.9%"
"784.","New York School of Interior Design","541","$12,563,955","$7,683,326","$4,880,629","84.8%"
"785.","Rocky Mountain College","991","$13,926,561","$9,065,722","$4,860,839","51.1%"
"786.","Remington College at Memphis","697","$8,486,631","$3,652,989","$4,833,642","99.9%"
"787.","Rust College","860","$8,246,433","$3,436,517","$4,809,916","36.3%"
"788.","Houghton College","1,043","$15,002,294","$10,197,753","$4,804,541","39.0%"
"789.","Shorter U.","1,520","$12,821,545","$8,042,861","$4,778,684","50.8%"
"790.","Minneapolis College of Art and Design","774","$15,264,943","$10,492,565","$4,772,378","55.5%"
"791.","Remington College-North Houston Campus","554","$7,780,976","$3,097,720","$4,683,256","99.6%"
"792.","Southern College of Optometry","534","$17,853,440","$13,218,485","$4,634,955","62.2%"
"793.","Marylhurst U.","743","$10,014,867","$5,394,349","$4,620,518","68.9%"
"794.","Laguna College of Art & Design","688","$11,398,308","$6,784,310","$4,613,998","77.8%"
"795.","Quincy U.","1,067","$9,513,669","$4,913,300","$4,600,369","39.3%"
"796.","Arizona Christian U.","786","$7,493,016","$2,901,618","$4,591,398","50.5%"
"797.","Wiley College","1,323","$10,361,091","$5,786,386","$4,574,705","48.9%"
"798.","Covenant College","1,068","$15,178,086","$10,629,668","$4,548,418","40.4%"
"799.","Nebraska Methodist College","1,167","$13,835,095","$9,288,965","$4,546,130","60.1%"
"800.","Wheelock College","890","$22,074,618","$17,540,900","$4,533,718","50.4%"
"801.","Green Mountain College","724","$9,846,266","$5,323,068","$4,523,198","51.8%"
"802.","Claflin U.","2,129","$23,606,131","$19,084,498","$4,521,633","46.0%"
"803.","Wright Institute","506","$11,487,315","$6,982,375","$4,504,940","85.4%"
"804.","Greenville U.","1,235","$13,355,352","$8,853,218","$4,502,134","49.1%"
"805.","Huntington U.","1,321","$15,476,272","$11,002,585","$4,473,687","50.0%"
"806.","Averett U.","927","$13,473,230","$9,011,011","$4,462,219","52.0%"
"807.","Touro U. Worldwide","1,355","$9,545,386","$5,095,451","$4,449,935","99.7%"
"808.","Kentucky Wesleyan College","716","$7,782,755","$3,341,470","$4,441,285","42.1%"
"809.","Newberry College","1,181","$11,932,860","$7,497,918","$4,434,942","44.3%"
"810.","Villa Maria College of Buffalo","596","$7,457,090","$3,049,918","$4,407,172","79.6%"
"811.","Paul Smith's College","771","$10,871,855","$6,473,616","$4,398,239","33.0%"
"812.","Montreat College","917","$9,525,960","$5,166,449","$4,359,511","48.5%"
"813.","Hannibal-La Grange U.","974","$9,192,610","$4,850,920","$4,341,690","58.5%"
"814.","Furman U.","2,949","$63,583,981","$59,281,737","$4,302,244","31.8%"
"815.","Eastern Nazarene College","848","$9,271,754","$4,982,152","$4,289,602","42.5%"
"816.","Alma College","1,426","$21,392,261","$17,109,191","$4,283,070","37.1%"
"817.","Cleary U.","647","$6,559,703","$2,295,457","$4,264,246","64.8%"
"818.","Amridge U.","675","$6,602,757","$2,358,591","$4,244,166","88.9%"
"819.","Bryan College of Health Sciences","679","$9,451,108","$5,235,059","$4,216,049","71.8%"
"820.","Franklin College of Indiana","1,034","$14,015,862","$9,803,317","$4,212,545","44.9%"
"821.","Wilmington College (Ohio)","1,169","$12,430,170","$8,222,325","$4,207,845","50.4%"
"822.","Saint Luke's College of Health Sciences","554","$6,530,095","$2,341,300","$4,188,795","86.6%"
"823.","Waynesburg U.","1,736","$21,047,155","$16,879,946","$4,167,209","50.0%"
"824.","Mills College","1,310","$26,636,913","$22,470,385","$4,166,528","32.4%"
"825.","Eureka College","614","$8,534,940","$4,380,258","$4,154,682","47.3%"
"826.","King's U.","662","$5,963,224","$1,810,283","$4,152,941","57.8%"
"827.","Huntingdon College","1,102","$11,407,561","$7,257,017","$4,150,544","47.6%"
"828.","Northwest Christian U.","798","$8,050,498","$3,920,710","$4,129,788","49.6%"
"829.","Defiance College","614","$8,907,340","$4,780,168","$4,127,172","55.2%"
"830.","Lawrence U.","1,467","$29,416,465","$25,293,997","$4,122,468","28.0%"
"831.","Howard Payne U.","1,072","$12,773,256","$8,684,786","$4,088,470","46.8%"
"832.","Scripps College","1,083","$37,133,026","$33,049,320","$4,083,706","32.6%"
"833.","Holy Cross College","557","$7,248,831","$3,166,107","$4,082,724","53.8%"
"834.","Concordia U. (Mich.)","1,081","$12,673,601","$8,609,849","$4,063,752","70.4%"
"835.","Central Baptist College","745","$6,594,055","$2,559,292","$4,034,763","67.2%"
"836.","Lees-McRae College","921","$9,457,180","$5,433,113","$4,024,067","38.0%"
"837.","Northwestern College (Iowa)","1,243","$13,800,932","$9,798,289","$4,002,643","32.3%"
"838.","Southern Virginia U.","911","$8,715,362","$4,741,656","$3,973,706","45.2%"
"839.","St. Andrews U.","665","$7,509,386","$3,581,548","$3,927,838","45.8%"
"840.","Freed-Hardeman U.","1,972","$15,994,636","$12,072,874","$3,921,762","40.0%"
"841.","Tennessee Wesleyan U.","951","$9,745,842","$5,830,825","$3,915,017","60.6%"
"842.","Be'er Yaakov Talmudic Seminary","510","$5,436,464","$1,526,372","$3,910,092","87.7%"
"843.","Muskingum U.","2,369","$20,815,143","$16,910,206","$3,904,937","47.2%"
"844.","Herzing U. at Winter Park (Fla.)","532","$8,731,797","$4,843,075","$3,888,722","97.0%"
"845.","Remington College at Fort Worth","558","$7,431,900","$3,551,659","$3,880,241","99.6%"
"846.","Martin Luther College","981","$11,435,916","$7,575,857","$3,860,059","52.8%"
"847.","Cox College","904","$10,423,485","$6,575,553","$3,847,932","94.4%"
"848.","Mars Hill U.","1,277","$12,447,078","$8,599,873","$3,847,205","35.3%"
"849.","U. of Delaware","23,774","$423,104,208","$419,268,809","$3,835,399","37.8%"
"850.","Dakota Wesleyan U.","908","$8,191,269","$4,384,000","$3,807,269","43.8%"
"851.","Urbana U.","1,623","$6,748,000","$2,970,000","$3,778,000","70.8%"
"852.","Florida College","508","$8,873,524","$5,113,221","$3,760,303","44.5%"
"853.","U. of Pittsburgh at Bradford","1,336","$16,181,486","$12,433,451","$3,748,035","48.3%"
"854.","Hampden-Sydney College","1,046","$18,338,352","$14,658,476","$3,679,876","28.8%"
"855.","Christ College of Nursing and Health Sciences","914","$7,880,738","$4,227,370","$3,653,368","78.5%"
"856.","Jarvis Christian College","909","$8,240,991","$4,592,648","$3,648,343","40.0%"
"857.","Davidson College","1,810","$42,158,542","$38,512,976","$3,645,566","20.5%"
"858.","Union College (Neb.)","868","$13,080,632","$9,435,526","$3,645,106","47.1%"
"859.","Wilson College (Pa.)","1,216","$9,814,232","$6,177,391","$3,636,841","39.2%"
"860.","Judson U. (Ill.)","1,283","$13,413,491","$9,825,899","$3,587,592","60.3%"
"861.","Brescia U.","1,231","$9,630,767","$6,053,244","$3,577,523","55.7%"
"862.","South Baylo U.","522","$4,822,429","$1,324,549","$3,497,880","77.7%"
"863.","St. Augustine's U. (N.C.)","974","$10,691,686","$7,205,500","$3,486,186","37.4%"
"864.","Lincoln College","1,121","$7,822,511","$4,337,558","$3,484,953","49.4%"
"865.","Missouri Valley College","1,820","$9,043,979","$5,560,305","$3,483,674","41.1%"
"866.","Allen U.","590","$6,464,238","$2,989,638","$3,474,600","40.0%"
"867.","Brevard College","677","$8,730,814","$5,328,947","$3,401,867","49.7%"
"868.","Life Pacific College","581","$5,740,472","$2,364,889","$3,375,583","63.5%"
"869.","Multnomah U.","654","$6,867,000","$3,520,000","$3,347,000","34.6%"
"870.","Maria College of Albany","855","$9,067,058","$5,728,455","$3,338,603","74.8%"
"871.","Southeastern Baptist Theological Seminary","2,638","$10,372,795","$7,075,184","$3,297,611","36.8%"
"872.","Carleton College","2,078","$63,240,017","$59,944,375","$3,295,642","23.8%"
"873.","Mercy College of Ohio","1,416","$13,370,248","$10,086,686","$3,283,562","59.5%"
"874.","Amberton U.","1,257","$6,000,524","$2,723,631","$3,276,893","58.0%"
"875.","Pfeiffer U.","1,306","$13,886,078","$10,613,579","$3,272,499","43.6%"
"876.","Tabor College","770","$6,605,775","$3,353,280","$3,252,495","36.6%"
"877.","Herzing U. at Birmingham (Ala.)","551","$5,683,430","$2,439,889","$3,243,541","96.6%"
"878.","Maine College of Art","517","$8,800,651","$5,564,222","$3,236,429","58.1%"
"879.","Columbia International U.","966","$9,006,784","$5,774,677","$3,232,107","25.7%"
"880.","Wisconsin Lutheran College","1,114","$13,456,416","$10,241,889","$3,214,527","40.5%"
"881.","Vermont Law School","632","$16,416,874","$13,214,406","$3,202,468","70.5%"
"882.","Clarks Summit U.","741","$6,714,005","$3,526,917","$3,187,088","57.9%"
"883.","Knox College","1,356","$22,013,731","$18,836,746","$3,176,985","32.0%"
"884.","Maryville College","1,181","$12,074,256","$8,899,076","$3,175,180","30.2%"
"885.","Heritage U. (Wash.)","1,044","$16,893,231","$13,743,849","$3,149,382","62.6%"
"886.","Bacone College","934","$6,177,803","$3,041,641","$3,136,162","50.8%"
"887.","Stevens-Henager College at Salt Lake City","651","$5,486,415","$2,352,116","$3,134,299","100.0%"
"888.","U. of Rio Grande","1,812","$12,884,738","$9,751,437","$3,133,301","63.6%"
"889.","Johnson U.","1,153","$10,805,719","$7,677,325","$3,128,394","33.4%"
"890.","Converse College","1,478","$13,046,042","$9,938,790","$3,107,252","38.6%"
"891.","Michigan State U. College of Law","856","$16,152,062","$13,049,466","$3,102,596","67.6%"
"892.","Cairn U.","1,060","$10,135,434","$7,044,521","$3,090,913","39.9%"
"893.","Kalamazoo College","1,436","$26,842,192","$23,760,796","$3,081,396","36.9%"
"894.","Kansas City Art Institute","663","$11,536,615","$8,469,773","$3,066,842","31.0%"
"895.","Louisiana College","1,196","$10,501,559","$7,442,785","$3,058,774","42.7%"
"896.","Oklahoma Baptist U.","2,093","$17,970,801","$14,925,260","$3,045,541","32.9%"
"897.","Clarkson College","1,273","$13,744,022","$10,704,693","$3,039,329","70.2%"
"898.","Hardin-Simmons U.","2,252","$22,310,651","$19,272,805","$3,037,846","38.5%"
"899.","Blackburn College","554","$6,796,489","$3,763,651","$3,032,838","40.0%"
"900.","Relay Graduate School of Education","3,186","$22,821,121","$19,841,646","$2,979,475","47.9%"
"901.","Arkansas Baptist College","593","$5,836,034","$2,883,097","$2,952,937","41.5%"
"902.","Morris College","747","$9,443,484","$6,497,388","$2,946,096","52.4%"
"903.","Pacific Northwest College of Art","512","$9,573,933","$6,640,972","$2,932,961","55.5%"
"904.","Luther Rice College and Seminary","1,022","$4,674,524","$1,743,814","$2,930,710","90.6%"
"905.","Wilberforce U.","627","$5,460,808","$2,547,818","$2,912,990","44.4%"
"906.","Point U.","1,952","$11,109,585","$8,220,101","$2,889,484","39.3%"
"907.","Southwestern Adventist U.","817","$10,216,094","$7,358,351","$2,857,743","45.3%"
"908.","Martin Methodist College","988","$9,534,237","$6,701,418","$2,832,819","54.1%"
"909.","Thiel College","766","$11,261,765","$8,432,931","$2,828,834","39.7%"
"910.","Albion College","1,568","$20,441,624","$17,620,890","$2,820,734","31.0%"
"911.","Goshen College","950","$12,324,332","$9,515,388","$2,808,944","32.5%"
"912.","Illinois Wesleyan U.","1,649","$36,493,602","$33,712,213","$2,781,389","45.8%"
"913.","Cornell College","1,009","$16,370,304","$13,603,081","$2,767,223","34.6%"
"914.","Marygrove College","712","$9,371,846","$6,655,491","$2,716,355","57.4%"
"915.","Yeshivath Viznitz","690","$4,689,650","$1,992,955","$2,696,695","75.9%"
"916.","Stillman College","677","$5,479,153","$2,821,679","$2,657,474","38.2%"
"917.","Westminster College (Pa.)","1,263","$15,683,750","$13,035,309","$2,648,441","34.3%"
"918.","Philander Smith College","891","$6,499,045","$3,900,648","$2,598,397","29.7%"
"919.","Sterling College (Kan.)","697","$5,832,863","$3,255,940","$2,576,923","26.6%"
"920.","Apex School of Theology","824","$5,118,005","$2,552,189","$2,565,816","94.8%"
"921.","Haverford College","1,296","$38,858,878","$36,371,501","$2,487,377","25.1%"
"922.","Tougaloo College","809","$6,900,997","$4,430,340","$2,470,657","27.2%"
"923.","Ripon College","756","$12,851,953","$10,387,966","$2,463,987","36.8%"
"924.","Dallas Theological Seminary","2,369","$15,556,692","$13,144,380","$2,412,312","38.0%"
"925.","Cincinnati Christian U.","750","$6,139,782","$3,742,544","$2,397,238","56.6%"
"926.","Gordon-Conwell Theological Seminary","1,734","$10,178,441","$7,790,129","$2,388,312","40.7%"
"927.","Davis & Elkins College","837","$8,669,422","$6,314,807","$2,354,615","34.8%"
"928.","Bethel College (Kan.)","503","$5,984,298","$3,651,244","$2,333,054","40.5%"
"929.","SUM Bible College and Theological Seminary","638","$4,348,900","$2,032,300","$2,316,600","91.0%"
"930.","Averett U. Nontraditional Programs","659","$4,854,529","$2,542,126","$2,312,403","100.0%"
"931.","Bethany College (Kan.)","775","$5,947,611","$3,660,247","$2,287,364","33.4%"
"932.","Southwestern Christian U.","670","$5,356,645","$3,079,949","$2,276,696","68.5%"
"933.","Kettering College","824","$12,406,447","$10,145,172","$2,261,275","69.0%"
"934.","Yeshiva U.","6,330","$98,299,000","$96,069,000","$2,230,000","34.2%"
"935.","U. of Providence","1,066","$6,730,278","$4,525,397","$2,204,881","38.8%"
"936.","Talladega College","782","$6,177,433","$4,052,199","$2,125,234","38.3%"
"937.","Kentucky Christian U.","688","$4,804,305","$2,685,004","$2,119,301","37.8%"
"938.","Illinois College","959","$11,826,379","$9,713,393","$2,112,986","32.7%"
"939.","Mercyhurst U.","2,759","$36,770,603","$34,670,603","$2,100,000","45.8%"
"940.","Erskine College","694","$6,676,995","$4,601,674","$2,075,321","30.3%"
"941.","MacMurray College","521","$6,630,528","$4,571,836","$2,058,692","52.0%"
"942.","Central Christian College of Kansas","865","$8,006,235","$5,978,975","$2,027,260","61.6%"
"943.","Texas Lutheran U.","1,394","$13,600,070","$11,608,974","$1,991,096","34.3%"
"944.","Benjamin Franklin Institute of Technology","609","$6,209,488","$4,249,092","$1,960,396","54.0%"
"945.","Central Yeshiva Tomchei Tmimim Lubavitch America","544","$3,465,424","$1,533,640","$1,931,784","97.2%"
"946.","Lincoln Christian U.","789","$5,163,535","$3,289,719","$1,873,816","51.7%"
"947.","LaGrange College","1,049","$14,683,962","$12,903,564","$1,780,398","43.5%"
"948.","Western Seminary","736","$5,451,263","$3,690,900","$1,760,363","73.5%"
"949.","Brewton-Parker College","783","$4,131,607","$2,395,392","$1,736,215","39.6%"
"950.","Nazarene Bible College","743","$3,379,128","$1,644,052","$1,735,076","59.2%"
"951.","Alice Lloyd College","598","$4,568,339","$2,843,862","$1,724,477","25.5%"
"952.","College of Idaho","954","$11,619,268","$9,911,258","$1,708,010","29.9%"
"953.","Iowa Wesleyan U.","629","$5,594,809","$3,888,362","$1,706,447","41.7%"
"954.","McPherson College","733","$7,282,245","$5,583,206","$1,699,039","37.9%"
"955.","Lincoln U. (Pa.)","2,266","$20,705,668","$19,026,758","$1,678,910","37.3%"
"956.","Austin College","1,228","$17,754,500","$16,077,136","$1,677,364","32.4%"
"957.","Colby-Sawyer College","995","$11,191,310","$9,533,596","$1,657,714","30.4%"
"958.","Miles College","1,650","$9,682,563","$8,033,891","$1,648,672","29.2%"
"959.","Westminster College (Mo.)","767","$8,011,622","$6,387,217","$1,624,405","28.6%"
"960.","New England Conservatory of Music","844","$25,982,925","$24,399,431","$1,583,494","39.7%"
"961.","Holy Apostles College and Seminary","525","$2,508,709","$966,431","$1,542,278","38.1%"
"962.","Paul Quinn College","519","$2,866,926","$1,328,444","$1,538,482","23.2%"
"963.","Grace College and Seminary (Ind.)","2,156","$17,559,436","$16,053,228","$1,506,208","39.4%"
"964.","Centre College","1,450","$26,831,020","$25,329,278","$1,501,742","26.2%"
"965.","Piedmont International U.","669","$2,961,074","$1,467,308","$1,493,766","49.7%"
"966.","Berry College","2,110","$31,829,214","$30,343,919","$1,485,295","23.3%"
"967.","Drew U.","2,117","$32,718,000","$31,257,000","$1,461,000","42.2%"
"968.","Bowdoin College","1,816","$56,924,000","$55,472,000","$1,452,000","19.5%"
"969.","Stephens College","862","$10,463,347","$9,070,268","$1,393,079","38.6%"
"970.","Young Harris College","1,202","$11,465,954","$10,081,376","$1,384,578","29.8%"
"971.","Mount Marty College","1,048","$8,160,189","$6,784,359","$1,375,830","37.5%"
"972.","Saint Francis Medical Center College of Nursing","648","$6,182,529","$4,817,409","$1,365,120","71.1%"
"973.","Warren Wilson College","661","$10,783,142","$9,446,655","$1,336,487","36.6%"
"974.","Northwest U.-College of Adult and Professional Studies","1,116","$5,798,000","$4,665,000","$1,133,000","98.7%"
"975.","Bethany College (W.Va.)","628","$6,304,771","$5,186,501","$1,118,270","28.6%"
"976.","Emory & Henry College","1,226","$15,223,450","$14,163,648","$1,059,802","31.9%"
"977.","Alaska Pacific U.","509","$5,585,150","$4,536,670","$1,048,480","33.6%"
"978.","U. of Jamestown","1,135","$10,901,128","$9,852,779","$1,048,349","36.6%"
"979.","Augustana U. (S.D.)","2,080","$24,518,452","$23,497,396","$1,021,056","42.6%"
"980.","Oberlin College","2,853","$90,196,683","$89,179,700","$1,016,983","34.4%"
"981.","Ozark Christian College","587","$4,490,726","$3,508,937","$981,789","39.1%"
"982.","Bluffton U.","815","$9,482,306","$8,622,582","$859,724","39.7%"
"983.","Albany Medical College","840","$38,069,000","$37,210,000","$859,000","10.4%"
"984.","North American U.","568","$4,077,528","$3,230,307","$847,221","40.5%"
"985.","Doane U. at Lincoln","1,802","$10,055,707","$9,235,080","$820,627","97.7%"
"986.","Central College","1,237","$17,240,642","$16,427,312","$813,330","45.2%"
"987.","Centenary College of Louisiana","588","$7,840,536","$7,081,220","$759,316","23.6%"
"988.","U. of Miami","17,003","$512,752,485","$512,004,603","$747,882","15.9%"
"989.","Fuller Theological Seminary","2,463","$21,953,000","$21,256,000","$697,000","28.3%"
"990.","William Jewell College","933","$12,057,062","$11,425,835","$631,227","33.8%"
"991.","King's College (N.Y.)","555","$7,480,008","$6,931,682","$548,326","30.3%"
"992.","Westminster Theological Seminary","673","$3,772,290","$3,271,017","$501,273","19.3%"
"993.","Grace Christian U.","888","$5,721,325","$5,278,349","$442,976","48.4%"
"994.","Saint Mary-of-the-Woods College","959","$8,903,106","$8,493,913","$409,193","47.7%"
"995.","Dillard U.","1,290","$14,851,512","$14,457,384","$394,128","34.4%"
"996.","Hastings College","1,202","$10,302,778","$9,921,878","$380,900","27.6%"
"997.","Pennsylvania College of Health Sciences","1,793","$18,279,393","$17,925,820","$353,573","64.9%"
"998.","U. of the Ozarks","755","$6,677,135","$6,367,409","$309,726","18.1%"
"999.","Denver Seminary","908","$6,296,912","$5,995,224","$301,688","41.1%"
"1000.","Ohio Valley U.","560","$2,357,556","$2,066,290","$291,266","26.1%"
"1001.","Wesleyan College (Ga.)","603","$7,591,656","$7,345,900","$245,756","35.0%"
"1002.","Denison U.","2,341","$43,619,599","$43,387,834","$231,765","20.5%"
"1003.","Covenant Theological Seminary","517","$3,053,110","$2,871,148","$181,962","25.0%"
"1004.","Williams Baptist College","501","$3,534,857","$3,510,863","$23,994","29.3%"
"1005.","Ouachita Baptist U.","1,545","$15,152,377","$15,276,774","-$124,397","30.0%"
"1006.","Ave Maria U.","1,113","$9,613,519","$9,749,145","-$135,626","25.1%"
"1007.","New York Law School","995","$25,431,209","$25,579,909","-$148,700","51.7%"
"1008.","Cazenovia College","893","$9,589,629","$9,810,655","-$221,026","40.1%"
"1009.","Birmingham-Southern College","1,283","$14,506,518","$14,763,232","-$256,714","23.6%"
"1010.","Lycoming College","1,217","$14,368,621","$14,654,460","-$285,839","23.7%"
"1011.","Doane U.","1,069","$12,880,562","$13,169,895","-$289,333","35.7%"
"1012.","Hendrix College","1,249","$17,421,374","$17,753,185","-$331,811","26.9%"
"1013.","Monmouth College","1,033","$14,305,696","$14,692,289","-$386,593","29.9%"
"1014.","Lyon College","672","$6,314,788","$6,791,270","-$476,482","32.0%"
"1015.","Wabash College","864","$13,801,864","$14,314,404","-$512,540","22.4%"
"1016.","Bethany Lutheran College","651","$6,685,101","$7,355,517","-$670,416","32.3%"
"1017.","Fisk U.","701","$5,433,769","$6,325,679","-$891,910","18.3%"
"1018.","Sinte Gleska U.","581","$1,296,300","$2,246,839","-$950,539","7.3%"
"1019.","Blue Mountain College","601","$3,166,110","$4,226,723","-$1,060,613","30.9%"
"1020.","Northland College","635","$5,796,357","$6,860,016","-$1,063,659","25.1%"
"1021.","Trinity International U.","2,161","$15,958,134","$17,036,591","-$1,078,457","33.6%"
"1022.","Hanover College","1,089","$13,977,328","$15,240,461","-$1,263,133","33.2%"
"1023.","Hamilton College (N.Y.)","1,901","$60,418,000","$61,710,000","-$1,292,000","25.6%"
"1024.","Millsaps College","859","$11,878,982","$13,369,231","-$1,490,249","22.8%"
"1025.","Trinity U.","2,571","$44,066,058","$45,610,384","-$1,544,326","18.7%"
"1026.","St. John's College (Md.)","513","$8,990,536","$10,601,502","-$1,610,966","15.6%"
"1027.","Randolph College","684","$8,977,242","$10,714,082","-$1,736,840","21.3%"
"1028.","Salem College","984","$8,156,287","$9,979,961","-$1,823,674","26.6%"
"1029.","Harvey Mudd College","861","$26,394,047","$28,503,483","-$2,109,436","28.5%"
"1030.","Ohio Wesleyan U.","1,560","$23,556,510","$25,921,922","-$2,365,412","25.0%"
"1031.","Asbury Theological Seminary","1,600","$8,741,559","$11,449,546","-$2,707,987","22.2%"
"1032.","Turtle Mountain Community College","567","$1,068,474","$4,026,240","-$2,957,766","6.1%"
"1033.","Mount Holyoke College","2,334","$50,505,371","$53,765,617","-$3,260,246","24.4%"
"1034.","Thomas Jefferson U.","4,028","$133,633,768","$137,270,682","-$3,636,914","3.2%"
"1035.","Concordia Seminary (Mo.)","532","$2,545,082","$6,209,924","-$3,664,842","5.4%"
"1036.","Amherst College","1,836","$52,027,304","$56,020,989","-$3,993,685","11.5%"
"1037.","Alfred U.","2,354","$22,253,231","$26,496,012","-$4,242,781","25.8%"
"1038.","Wesley Theological Seminary","570","$3,598,168","$8,412,928","-$4,814,760","18.9%"
"1039.","Agnes Scott College","921","$12,042,303","$17,164,695","-$5,122,392","18.2%"
"1040.","U. of Pittsburgh main campus","28,642","$531,775,895","$537,089,361","-$5,313,466","21.9%"
"1041.","Hollins U.","790","$9,062,547","$14,471,553","-$5,409,006","11.3%"
"1042.","Marshall B. Ketchum U.","618","$21,857,444","$27,637,429","-$5,779,985","52.3%"
"1043.","Eastern Virginia Medical School","1,256","$41,511,122","$48,145,594","-$6,634,472","16.1%"
"1044.","Bryn Mawr College","1,640","$41,656,000","$49,050,000","-$7,394,000","22.9%"
"1045.","Moody Bible Institute","3,442","$21,571,083","$29,053,308","-$7,482,225","18.8%"
"1046.","DePauw U.","2,158","$40,835,575","$49,427,038","-$8,591,463","23.9%"
"1047.","Princeton Theological Seminary","502","$2,311,254","$11,608,367","-$9,297,113","1.6%"
"1048.","Antioch U. system (5 campuses)*","2,740","$56,708,005","$29,858,006","-$9,743,944","85.3%"
"1049.","Salish Kootenai College","809","$1,064,233","$10,846,823","-$9,782,590","4.0%"
"1050.","Vassar College","2,353","$67,783,000","$78,036,000","-$10,253,000","26.6%"
"1051.","Swarthmore College","1,577","$46,162,000","$57,318,000","-$11,156,000","12.8%"
"1052.","Smith College","2,918","$73,339,519","$84,902,629","-$11,563,110","19.1%"
"1053.","Cornell U.","23,016","$652,008,059","$663,587,027","-$11,578,968","21.6%"
"1054.","Grinnell College","1,712","$31,908,000","$44,609,000","-$12,701,000","8.8%"
"1055.","College of the Ozarks","1,508","$3,774,674","$16,855,097","-$13,080,423","3.6%"
"1056.","Earlham College and Earlham School of Religion","1,128","$14,141,533","$28,317,137","-$14,175,604","14.3%"
"1057.","Washington and Lee U.","2,220","$59,372,000","$73,746,000","-$14,374,000","24.7%"
"1058.","Juilliard School","927","$18,184,183","$33,448,472","-$15,264,289","8.6%"
"1059.","Berea College","1,670","$4,725,111","$25,473,035","-$20,747,924","2.0%"
"1060.","Cooper Union for the Advancement of Science and Art","946","$10,551,933","$31,820,285","-$21,268,352","12.1%"
"1061.","Bard College","2,293","$54,074,770","$76,391,432","-$22,316,662","33.2%"
"1062.","Pomona College","1,599","$39,728,000","$64,678,000","-$24,950,000","10.7%"
"1063.","Williams College","2,134","$68,396,298","$100,645,876","-$32,249,578","12.7%"
"1064.","Medical College of Wisconsin","1,385","$43,866,000","$76,196,000","-$32,330,000","3.4%"
"1065.","Brigham Young U.-Hawaii","3,143","$11,549,000","$44,094,000","-$32,545,000","7.9%"
"1066.","Gallaudet U.","1,578","$19,543,187","$54,363,534","-$34,820,347","12.4%"
"1067.","Wellesley College","2,508","$57,772,000","$97,834,000","-$40,062,000","14.7%"
"1068.","Case Western Reserve U.","11,824","$278,257,644","$322,241,784","-$43,984,140","24.2%"
"1069.","Morehouse School of Medicine","520","$13,654,948","$61,066,064","-$47,411,116","8.3%"
"1070.","Howard U.","9,392","$147,867,000","$200,737,000","-$52,870,000","16.5%"
"1071.","Brigham Young U.-Idaho","51,881","$107,897,000","$170,249,000","-$62,352,000","31.6%"
"1072.","U. of Notre Dame","12,467","$319,760,000","$383,963,000","-$64,203,000","13.8%"
"1073.","Vanderbilt U.","12,592","$281,678,620","$374,717,958","-$93,039,338","17.9%"
"1074.","U. of Rochester","11,648","$262,930,000","$364,293,000","-$101,363,000","6.3%"
"1075.","Baylor College of Medicine","1,585","$18,526,608","$136,034,200","-$117,507,592","1.0%"
"1076.","Rice U.","7,022","$172,558,000","$312,324,965","-$139,766,965","14.2%"
"1077.","California Institute of Technology","2,238","$41,342,000","$221,509,377","-$180,167,377","1.2%"
"1078.","Weill Cornell Medicine","1,107","$24,888,661","$219,406,975","-$194,518,314","1.2%"
"1079.","Northwestern U.","22,008","$588,642,000","$885,898,000","-$297,256,000","19.8%"
"1080.","Brigham Young U.","34,334","$199,379,729","$499,263,176","-$299,883,447","14.4%"
"1081.","Emory U.","14,263","$394,513,000","$706,683,000","-$312,170,000","7.0%"
"1082.","Harvard U.","31,120","$869,492,000","$1,193,349,000","-$323,857,000","13.1%"
"1083.","Princeton U.","8,273","$108,698,000","$441,335,000","-$332,637,000","3.1%"
"1084.","U. of Pennsylvania","25,367","$937,868,000","$1,271,733,000","-$333,865,000","9.0%"
"1085.","Massachusetts Institute of Technology","11,466","$361,476,000","$873,735,000","-$512,259,000","6.7%"
"1086.","U. of Southern California","45,687","$1,389,034,000","$1,926,267,000","-$537,233,000","26.3%"
"1087.","Duke U.","16,130","$478,996,000","$1,075,391,000","-$596,395,000","6.8%"
"1088.","U. of Chicago","16,227","$424,719,233","$1,328,176,085","-$903,456,852","10.2%"
"1089.","Johns Hopkins U.","25,151","$611,485,000","$1,951,295,000","-$1,339,810,000","9.6%"
"1090.","Stanford U.","17,534","$431,248,000","$1,782,950,000","-$1,351,702,000","5.2%"
"1091.","Washington U. in St. Louis","15,303","$393,487,000","$1,812,306,000","-$1,418,819,000","10.8%"
"1092.","Yale U.","12,974","$264,305,862","$1,691,480,129","-$1,427,174,267","4.6%"
"1093.","Columbia U.","30,454","$1,085,452,000","$2,611,938,000","-$1,526,486,000","18.8%"
"","Average for 1,093 institutions","3,810","$69,305,233","$58,396,206","$10,875,546","30.1%"